scenario,method,seed,total_cost,service_level,scri_viol,VaR95,TVaR95
S1,myopic,42,4144.486,0.6223114972437737,0.92,1212.4592,1247.8980000000001
S1,"sS(s=0,S=10)",42,5273.818,0.10640041515931065,2.6,1439.98,1470.14
S1,"sS(s=0,S=100)",42,4295.512,0.5487479514331338,1.24,1253.7736,1298.674
S1,"sS(s=0,S=15)",42,5157.312,0.15021620804968683,1.78,1404.5432,1435.0
S1,"sS(s=0,S=20)",42,5051.258,0.19247219195104048,1.68,1373.8016,1404.7779999999998
S1,"sS(s=0,S=25)",42,4951.764,0.23315401932163726,1.66,1345.9888,1377.5420000000001
S1,"sS(s=0,S=30)",42,4858.858,0.2719204967187514,1.76,1321.9288000000001,1354.912
S1,"sS(s=0,S=35)",42,4779.657999999999,0.3055789117096679,1.7,1303.0403999999999,1337.7079999999999
S1,"sS(s=0,S=40)",42,4701.478,0.3380081251258037,1.58,1285.08,1321.588
S1,"sS(s=0,S=45)",42,4635.474,0.36608280641978136,1.54,1266.4008000000001,1302.712
S1,"sS(s=0,S=50)",42,4592.1179999999995,0.3870500345303844,1.66,1261.7192,1297.276
S1,"sS(s=0,S=55)",42,4537.964,0.412144690402349,1.62,1256.894,1293.1660000000002
S1,"sS(s=0,S=60)",42,4489.25,0.4331413656587012,1.52,1255.8147999999999,1294.986
S1,"sS(s=0,S=65)",42,4461.376,0.4504650889999581,1.58,1263.1736,1305.3
S1,"sS(s=0,S=70)",42,4413.284000000001,0.4708698892354046,1.48,1251.8736,1293.34
S1,"sS(s=0,S=75)",42,4385.034000000001,0.48641051350264897,1.52,1253.9436,1296.9180000000001
S1,"sS(s=0,S=80)",42,4353.792,0.5050988143615466,1.48,1245.5143999999998,1288.318
S1,"sS(s=0,S=85)",42,4325.744000000001,0.5167527814091077,1.48,1249.4784,1294.712
S1,"sS(s=0,S=90)",42,4310.298,0.5277666010767519,1.36,1257.474,1305.552
S1,"sS(s=0,S=95)",42,4295.462,0.5400680249491174,1.34,1259.5695999999998,1306.6
S1,"sS(s=10,S=100)",42,4261.284000000001,0.5623873715451002,1.22,1251.7032,1297.694
S1,"sS(s=10,S=15)",42,5156.452,0.1504583689901693,1.76,1404.5112,1435.0
S1,"sS(s=10,S=20)",42,5049.538,0.1934812831149286,1.68,1373.7335999999998,1404.7979999999998
S1,"sS(s=10,S=25)",42,4945.654,0.23558299977750444,1.64,1344.1176,1375.862
S1,"sS(s=10,S=30)",42,4852.6179999999995,0.27415682887711484,1.7,1319.5888,1352.612
S1,"sS(s=10,S=35)",42,4767.53,0.31021376557805314,1.7,1296.1304,1329.636
S1,"sS(s=10,S=40)",42,4688.67,0.34374992365252255,1.56,1279.4808,1315.55
S1,"sS(s=10,S=45)",42,4616.122,0.37482755748807584,1.5,1261.8156,1298.068
S1,"sS(s=10,S=50)",42,4562.0779999999995,0.39885215224550224,1.5,1251.4844,1287.526
S1,"sS(s=10,S=55)",42,4510.702,0.4221666322795879,1.52,1243.9624,1278.812
S1,"sS(s=10,S=60)",42,4470.02,0.4430261126823016,1.46,1248.402,1285.65
S1,"sS(s=10,S=65)",42,4423.968,0.46491016991071293,1.46,1242.2084,1279.944
S1,"sS(s=10,S=70)",42,4384.662,0.48490174206009073,1.38,1242.2759999999998,1282.62
S1,"sS(s=10,S=75)",42,4358.664000000001,0.4996432226899414,1.4,1245.0375999999999,1286.588
S1,"sS(s=10,S=80)",42,4324.02,0.5176581758464437,1.46,1242.0631999999998,1283.354
S1,"sS(s=10,S=85)",42,4297.444,0.5326710192069247,1.34,1248.4343999999999,1292.3519999999999
S1,"sS(s=10,S=90)",42,4283.736,0.5418186643262587,1.28,1257.0692,1305.724
S1,"sS(s=10,S=95)",42,4266.612,0.5515708440838037,1.26,1249.6836,1296.258
S1,"sS(s=15,S=100)",42,4241.304,0.5680339072538017,1.2,1248.0264,1294.662
S1,"sS(s=15,S=20)",42,5049.098,0.1936360500265214,1.68,1373.6376,1404.7979999999998
S1,"sS(s=15,S=25)",42,4945.094,0.23580166839580713,1.64,1344.0616,1375.862
S1,"sS(s=15,S=30)",42,4849.548,0.2753563008461896,1.64,1318.2407999999998,1351.0520000000001
S1,"sS(s=15,S=35)",42,4762.05,0.31215191876284076,1.68,1293.7956,1327.078
S1,"sS(s=15,S=40)",42,4682.6759999999995,0.34605883001034726,1.54,1274.436,1309.09
S1,"sS(s=15,S=45)",42,4612.87,0.3764646914741741,1.5,1262.2484,1299.122
S1,"sS(s=15,S=50)",42,4551.23,0.40343861728869207,1.48,1248.624,1284.882
S1,"sS(s=15,S=55)",42,4498.894,0.4270489337483296,1.52,1238.0972,1272.356
S1,"sS(s=15,S=60)",42,4456.482,0.44808696231305384,1.46,1241.3676,1277.412
S1,"sS(s=15,S=65)",42,4412.5,0.4695458599507784,1.42,1238.6052,1275.5839999999998
S1,"sS(s=15,S=70)",42,4368.194,0.49116983422222077,1.32,1234.8796,1272.6760000000002
S1,"sS(s=15,S=75)",42,4337.3640000000005,0.5088574803283267,1.34,1232.9,1273.2160000000001
S1,"sS(s=15,S=80)",42,4316.792,0.5220371353236289,1.4,1234.7256,1273.52
S1,"sS(s=15,S=85)",42,4287.948,0.5385053035979164,1.34,1236.1792,1275.736
S1,"sS(s=15,S=90)",42,4265.246,0.5496578459186402,1.3,1251.0292,1298.484
S1,"sS(s=15,S=95)",42,4248.82,0.5614182378022587,1.22,1250.8388,1296.86
S1,"sS(s=20,S=100)",42,4225.792,0.5789645308659788,1.16,1249.354,1296.516
S1,"sS(s=20,S=25)",42,4945.1140000000005,0.23585792718624315,1.64,1343.9335999999998,1375.7020000000002
S1,"sS(s=20,S=30)",42,4847.428,0.27612069903999165,1.64,1317.5207999999998,1350.5320000000002
S1,"sS(s=20,S=35)",42,4759.048,0.3132840084706762,1.62,1294.4876,1328.2379999999998
S1,"sS(s=20,S=40)",42,4679.418,0.3473469994618693,1.56,1274.2495999999999,1308.93
S1,"sS(s=20,S=45)",42,4605.448,0.3793217626379172,1.48,1257.8172,1293.64
S1,"sS(s=20,S=50)",42,4541.772,0.40753616848209445,1.42,1248.9016000000001,1285.616
S1,"sS(s=20,S=55)",42,4485.99,0.4325216420276867,1.44,1235.9168,1271.254
S1,"sS(s=20,S=60)",42,4446.61,0.45096611178173773,1.38,1237.558,1273.286
S1,"sS(s=20,S=65)",42,4407.788,0.4724816325834473,1.44,1233.7344,1269.816
S1,"sS(s=20,S=70)",42,4365.6759999999995,0.4930085588513129,1.32,1234.0739999999998,1271.856
S1,"sS(s=20,S=75)",42,4330.212,0.5133955169795597,1.28,1226.2028,1264.766
S1,"sS(s=20,S=80)",42,4296.638,0.5298587681375715,1.32,1225.6084,1264.454
S1,"sS(s=20,S=85)",42,4282.702,0.5433109975761772,1.34,1228.5603999999998,1266.55
S1,"sS(s=20,S=90)",42,4259.505999999999,0.554715098407061,1.28,1242.0472,1286.118
S1,"sS(s=20,S=95)",42,4233.292,0.5690917039192455,1.18,1250.9112,1298.6580000000001
S1,"sS(s=25,S=100)",42,4208.564,0.5863430333211676,1.12,1247.262,1294.6480000000001
S1,"sS(s=25,S=30)",42,4846.488,0.27646508958427796,1.64,1317.4968,1350.5320000000002
S1,"sS(s=25,S=35)",42,4758.388,0.3136280494645519,1.62,1293.7116,1327.398
S1,"sS(s=25,S=40)",42,4677.58,0.34830482291254017,1.56,1273.308,1307.838
S1,"sS(s=25,S=45)",42,4600.196,0.38110307302880814,1.44,1255.1996,1290.322
S1,"sS(s=25,S=50)",42,4538.326,0.4090519729568766,1.42,1247.256,1283.8980000000001
S1,"sS(s=25,S=55)",42,4479.82,0.435424932028126,1.4,1239.3496,1275.8319999999999
S1,"sS(s=25,S=60)",42,4430.09,0.4579733508908068,1.3,1234.1324,1270.246
S1,"sS(s=25,S=65)",42,4400.294,0.4754415762450956,1.44,1232.9104,1268.796
S1,"sS(s=25,S=70)",42,4353.234,0.49753939583467577,1.28,1229.6612,1267.8319999999999
S1,"sS(s=25,S=75)",42,4312.622,0.519138054256747,1.24,1223.91,1263.502
S1,"sS(s=25,S=80)",42,4282.1140000000005,0.5369665956642575,1.3,1221.6208,1261.154
S1,"sS(s=25,S=85)",42,4259.3240000000005,0.5517560757935406,1.26,1217.08,1256.986
S1,"sS(s=25,S=90)",42,4253.248,0.5596764496382471,1.24,1235.3111999999999,1277.98
S1,"sS(s=25,S=95)",42,4224.3,0.5745705292922377,1.18,1243.3936,1289.0439999999999
S1,"sS(s=30,S=100)",42,4137.164000000001,0.6137978121729651,1.06,1222.4568,1267.6580000000001
S1,"sS(s=30,S=35)",42,4751.968,0.31595245622030016,1.62,1293.1304,1326.9379999999999
S1,"sS(s=30,S=40)",42,4665.1,0.35282632674907327,1.56,1272.1324,1306.798
S1,"sS(s=30,S=45)",42,4583.1,0.3877424482705735,1.44,1253.46,1289.182
S1,"sS(s=30,S=50)",42,4512.608,0.418439464847838,1.42,1242.5336,1279.318
S1,"sS(s=30,S=55)",42,4449.63,0.44659466242878404,1.38,1235.7432,1273.4560000000001
S1,"sS(s=30,S=60)",42,4391.958,0.4724025597138119,1.3,1227.7276,1265.388
S1,"sS(s=30,S=65)",42,4356.86,0.49092031547092785,1.36,1226.4104,1264.692
S1,"sS(s=30,S=70)",42,4311.108,0.5134575729895708,1.26,1221.156,1260.512
S1,"sS(s=30,S=75)",42,4268.032,0.536209682097858,1.24,1217.7192,1260.088
S1,"sS(s=30,S=80)",42,4234.892,0.5546265749143482,1.24,1212.6268,1254.86
S1,"sS(s=30,S=85)",42,4216.03,0.5683598152626365,1.26,1209.3392,1250.218
S1,"sS(s=30,S=90)",42,4188.374,0.5846040651665797,1.18,1210.274,1251.32
S1,"sS(s=30,S=95)",42,4170.202,0.5974059083074438,1.16,1229.4324,1275.496
S1,"sS(s=35,S=100)",42,4139.53,0.6160422823549401,1.04,1225.6951999999999,1271.836
S1,"sS(s=35,S=40)",42,4663.78,0.35322622391819314,1.54,1271.7284,1306.3980000000001
S1,"sS(s=35,S=45)",42,4581.306,0.38839957492686933,1.44,1253.206,1288.942
S1,"sS(s=35,S=50)",42,4510.842000000001,0.4193863317907444,1.42,1242.0031999999999,1278.75
S1,"sS(s=35,S=55)",42,4445.952,0.44806170782319504,1.36,1234.0824,1271.93
S1,"sS(s=35,S=60)",42,4387.764,0.47433940334631314,1.26,1227.3408,1265.454
S1,"sS(s=35,S=65)",42,4347.316,0.49508857265400075,1.34,1222.1824,1259.922
S1,"sS(s=35,S=70)",42,4306.968,0.5162497961105821,1.22,1219.47,1258.132
S1,"sS(s=35,S=75)",42,4264.5,0.5376301225172216,1.2,1216.8832,1257.942
S1,"sS(s=35,S=80)",42,4229.258,0.5576763873266404,1.2,1209.4528,1250.256
S1,"sS(s=35,S=85)",42,4204.502,0.5727804829744332,1.2,1209.4944,1251.992
S1,"sS(s=35,S=90)",42,4180.054,0.5884604971220895,1.18,1207.9443999999999,1250.188
S1,"sS(s=35,S=95)",42,4160.378,0.6021922273650611,1.12,1219.4592,1263.152
S1,"sS(s=40,S=100)",42,4077.35,0.6379738045840155,1.0,1200.3828,1244.39
S1,"sS(s=40,S=45)",42,4575.876,0.39037517775013447,1.44,1252.4772,1288.274
S1,"sS(s=40,S=50)",42,4497.294,0.424290320877816,1.42,1238.6276,1275.19
S1,"sS(s=40,S=55)",42,4426.534000000001,0.4552275456466031,1.36,1230.4892,1268.298
S1,"sS(s=40,S=60)",42,4365.452,0.48285326897235736,1.26,1223.8508,1263.024
S1,"sS(s=40,S=65)",42,4314.26,0.5074138252785062,1.28,1215.7288,1254.434
S1,"sS(s=40,S=70)",42,4275.3240000000005,0.5281088993722121,1.22,1211.5167999999999,1250.97
S1,"sS(s=40,S=75)",42,4228.83,0.5514309458370781,1.22,1209.4668,1250.9180000000001
S1,"sS(s=40,S=80)",42,4184.536,0.5745369853305562,1.22,1202.6152,1245.8
S1,"sS(s=40,S=85)",42,4154.032,0.5916373475684513,1.18,1200.9152,1244.858
S1,"sS(s=40,S=90)",42,4127.162,0.6081130467503146,1.18,1199.2931999999998,1243.0639999999999
S1,"sS(s=40,S=95)",42,4107.09,0.6212551232747614,1.06,1200.7012,1243.822
S1,"sS(s=45,S=100)",42,4067.228,0.642523410572138,1.0,1194.0548,1237.008
S1,"sS(s=45,S=50)",42,4496.8279999999995,0.42452215503576585,1.42,1238.5556,1275.21
S1,"sS(s=45,S=55)",42,4424.536,0.45595997677281713,1.36,1228.8708,1266.4
S1,"sS(s=45,S=60)",42,4363.458,0.4839252578481471,1.26,1222.2772,1261.15
S1,"sS(s=45,S=65)",42,4308.948,0.5096006751027481,1.22,1214.6744,1253.3419999999999
S1,"sS(s=45,S=70)",42,4263.102,0.5323763489396355,1.16,1207.402,1246.572
S1,"sS(s=45,S=75)",42,4222.146000000001,0.5545832978412787,1.18,1206.3568,1246.9160000000002
S1,"sS(s=45,S=80)",42,4179.1179999999995,0.5767366796456407,1.22,1201.5172,1245.208
S1,"sS(s=45,S=85)",42,4144.32,0.5959651340194858,1.16,1198.1688,1240.9460000000001
S1,"sS(s=45,S=90)",42,4122.3279999999995,0.6109334877469152,1.18,1197.8952,1241.402
S1,"sS(s=45,S=95)",42,4091.478,0.628061792168448,1.0,1195.5844,1238.988
S1,"sS(s=5,S=10)",42,5273.638000000001,0.10646956613894953,2.6,1439.98,1470.14
S1,"sS(s=5,S=100)",42,4270.516,0.557423147639065,1.24,1254.426,1300.614
S1,"sS(s=5,S=15)",42,5156.612,0.1504037428378989,1.76,1404.5432,1435.0
S1,"sS(s=5,S=20)",42,5049.778,0.1932883424950256,1.68,1373.7335999999998,1404.7979999999998
S1,"sS(s=5,S=25)",42,4949.164000000001,0.23412072068639755,1.66,1344.4448000000002,1375.9620000000002
S1,"sS(s=5,S=30)",42,4853.438,0.2736678924994126,1.7,1320.5128,1353.872
S1,"sS(s=5,S=35)",42,4773.588,0.3080300004817535,1.7,1299.0228,1332.6760000000002
S1,"sS(s=5,S=40)",42,4698.022,0.34010734057968134,1.58,1283.7116,1320.7220000000002
S1,"sS(s=5,S=45)",42,4626.52,0.3705850318224766,1.5,1263.684,1299.464
S1,"sS(s=5,S=50)",42,4575.934,0.3934348776073605,1.6,1258.1616000000001,1294.632
S1,"sS(s=5,S=55)",42,4524.446,0.41744564406582896,1.6,1253.1732,1288.762
S1,"sS(s=5,S=60)",42,4482.432,0.4384062921580644,1.52,1250.7028,1288.698
S1,"sS(s=5,S=65)",42,4432.898,0.46042787669290264,1.46,1246.5312,1285.316
S1,"sS(s=5,S=70)",42,4402.482,0.4762928961405891,1.46,1250.6572,1292.3339999999998
S1,"sS(s=5,S=75)",42,4369.084,0.49400472959906566,1.46,1248.0544,1289.16
S1,"sS(s=5,S=80)",42,4340.432,0.5120835614060113,1.46,1246.7731999999999,1289.118
S1,"sS(s=5,S=85)",42,4313.394,0.5233671564585076,1.36,1245.1584,1289.004
S1,"sS(s=5,S=90)",42,4290.732,0.535598463388801,1.3,1254.032,1301.3519999999999
S1,"sS(s=5,S=95)",42,4281.304,0.5452236686065409,1.28,1253.4184,1300.21
S1,"sS(s=50,S=100)",42,4041.3759999999997,0.6536484955986045,0.96,1190.8296,1239.072
S1,"sS(s=50,S=55)",42,4418.3679999999995,0.45834855556792164,1.36,1227.502,1265.08
S1,"sS(s=50,S=60)",42,4352.755999999999,0.4878813358093417,1.24,1221.1576,1260.29
S1,"sS(s=50,S=65)",42,4292.838,0.5160730587593327,1.22,1213.1908,1253.116
S1,"sS(s=50,S=70)",42,4239.4,0.5412765018934426,1.18,1204.3316,1245.228
S1,"sS(s=50,S=75)",42,4194.438,0.5646235332611474,1.12,1201.63,1243.96
S1,"sS(s=50,S=80)",42,4150.476,0.5873502239523184,1.12,1194.9164,1238.776
S1,"sS(s=50,S=85)",42,4109.452,0.6089161121649487,1.12,1190.9759999999999,1236.9660000000001
S1,"sS(s=50,S=90)",42,4085.758,0.6242665827677654,1.12,1186.5231999999999,1232.778
S1,"sS(s=50,S=95)",42,4059.192,0.6402645290138311,1.08,1192.1576,1239.41
S1,"sS(s=55,S=100)",42,4031.5440000000003,0.657545068946692,0.96,1186.2012,1233.624
S1,"sS(s=55,S=60)",42,4350.988,0.4884965507603421,1.24,1219.9484,1258.874
S1,"sS(s=55,S=65)",42,4291.5960000000005,0.516601795648854,1.22,1213.1316,1252.922
S1,"sS(s=55,S=70)",42,4235.424,0.5435070705947525,1.14,1204.874,1245.354
S1,"sS(s=55,S=75)",42,4187.562,0.5669864145571054,1.1,1198.1996,1240.346
S1,"sS(s=55,S=80)",42,4145.576,0.5890162564292194,1.12,1196.2328,1240.444
S1,"sS(s=55,S=85)",42,4105.794,0.6111944138199603,1.1,1188.0223999999998,1232.978
S1,"sS(s=55,S=90)",42,4077.094,0.628097915084392,1.06,1185.9096,1232.146
S1,"sS(s=55,S=95)",42,4055.2859999999996,0.6428768913735999,1.04,1193.0716,1241.372
S1,"sS(s=60,S=100)",42,4025.006,0.6605496968082288,0.92,1186.1428,1234.442
S1,"sS(s=60,S=65)",42,4290.426,0.5170870279220702,1.22,1212.1756,1251.692
S1,"sS(s=60,S=70)",42,4233.186,0.5442150895081358,1.1,1204.0264,1244.468
S1,"sS(s=60,S=75)",42,4183.836,0.5686054313753065,1.08,1197.5156,1239.6860000000001
S1,"sS(s=60,S=80)",42,4141.82,0.5906521017789351,1.12,1193.8136,1237.678
S1,"sS(s=60,S=85)",42,4103.86,0.6120423930971439,1.04,1188.0439999999999,1232.6019999999999
S1,"sS(s=60,S=90)",42,4078.67,0.6284456094696956,1.06,1186.5556,1232.142
S1,"sS(s=60,S=95)",42,4045.9559999999997,0.6470369046447725,0.98,1184.9472,1232.968
S1,"sS(s=65,S=100)",42,4020.942,0.6633383587947528,0.9,1187.0503999999999,1236.478
S1,"sS(s=65,S=70)",42,4232.1179999999995,0.544640042556987,1.08,1203.7264,1244.088
S1,"sS(s=65,S=75)",42,4182.014,0.5698594174544168,1.1,1197.1188,1238.854
S1,"sS(s=65,S=80)",42,4137.3279999999995,0.5924329423295255,1.02,1192.9872,1236.94
S1,"sS(s=65,S=85)",42,4100.92,0.6132468685129399,1.02,1188.1184,1232.138
S1,"sS(s=65,S=90)",42,4072.228,0.630997275660501,1.04,1185.9,1231.422
S1,"sS(s=65,S=95)",42,4045.768,0.648045869598731,0.96,1183.2572,1231.274
S1,"sS(s=70,S=100)",42,4015.692,0.6655527885691913,0.84,1185.4507999999998,1235.096
S1,"sS(s=70,S=75)",42,4180.356000000001,0.5705168119525542,1.1,1196.9668,1238.734
S1,"sS(s=70,S=80)",42,4135.452,0.5936297388194636,1.04,1192.7515999999998,1236.058
S1,"sS(s=70,S=85)",42,4097.204000000001,0.6147863589219809,1.02,1188.8051999999998,1233.2060000000001
S1,"sS(s=70,S=90)",42,4067.6420000000003,0.6329849476319909,1.04,1182.9324,1227.726
S1,"sS(s=70,S=95)",42,4042.7259999999997,0.6489713700112297,0.92,1181.8164,1228.424
S1,"sS(s=75,S=100)",42,4013.92,0.6670538834487008,0.84,1181.8788,1231.368
S1,"sS(s=75,S=80)",42,4134.134,0.5941758077089058,1.04,1192.3267999999998,1235.572
S1,"sS(s=75,S=85)",42,4094.1220000000003,0.6158062041494193,1.0,1187.9196,1232.306
S1,"sS(s=75,S=90)",42,4066.1620000000003,0.6341702708733998,1.04,1184.0072,1228.914
S1,"sS(s=75,S=95)",42,4039.39,0.6504631159429924,0.92,1183.2604,1230.428
S1,"sS(s=80,S=100)",42,4010.988,0.6684214453695045,0.82,1181.5364,1231.088
S1,"sS(s=80,S=85)",42,4093.04,0.6162326841254085,0.98,1186.9848,1231.146
S1,"sS(s=80,S=90)",42,4065.9179999999997,0.6343469120229551,1.04,1183.7084,1228.702
S1,"sS(s=80,S=95)",42,4035.466,0.6517861736268473,0.88,1182.8728,1230.33
S1,"sS(s=85,S=100)",42,4008.1040000000003,0.6691930888613288,0.8,1181.9308,1231.728
S1,"sS(s=85,S=90)",42,4063.0440000000003,0.635225931090982,1.04,1183.1756,1228.258
S1,"sS(s=85,S=95)",42,4033.236,0.6531389752942769,0.9,1182.0036,1229.412
S1,"sS(s=90,S=100)",42,4006.8320000000003,0.6700222484698507,0.8,1182.6568,1232.8419999999999
S1,"sS(s=90,S=95)",42,4032.862,0.6533202675307165,0.9,1180.9388,1228.372
S2,myopic,42,6331.414444589514,0.5853209830859618,1.9,1950.6624709887399,2035.9495887442527
S2,"sS(s=0,S=10)",42,8704.469312320249,0.09369776591574298,4.98,2476.1418953840907,2547.0166362164637
S2,"sS(s=0,S=100)",42,6633.685526546449,0.5060865126711618,2.72,2031.8410354670707,2119.133137811828
S2,"sS(s=0,S=15)",42,8502.875212471366,0.13154568768783947,4.26,2416.6532359950834,2486.7284103654874
S2,"sS(s=0,S=20)",42,8303.721995691842,0.1690604510122035,3.66,2356.891789620167,2426.209104992665
S2,"sS(s=0,S=25)",42,8119.397913375605,0.2039319948446352,3.34,2304.343606703698,2374.3611358413646
S2,"sS(s=0,S=30)",42,7942.774373355945,0.23713457948357966,3.3,2255.728271529091,2328.313849541261
S2,"sS(s=0,S=35)",42,7773.494549129232,0.26935862984769565,3.16,2211.463262298538,2284.862620575425
S2,"sS(s=0,S=40)",42,7616.571322316028,0.29965804852052436,3.12,2169.509738400585,2243.7059230141026
S2,"sS(s=0,S=45)",42,7486.2556256126545,0.32519551906152494,3.1,2144.8516202992987,2221.8239614795525
S2,"sS(s=0,S=50)",42,7362.429549705682,0.3491230860335779,3.14,2118.979706514747,2197.671153788717
S2,"sS(s=0,S=55)",42,7229.034898036634,0.37475856617967934,3.0,2094.861192719053,2174.37726917576
S2,"sS(s=0,S=60)",42,7146.654226119313,0.39340898822976866,2.92,2071.641466481583,2147.618217730005
S2,"sS(s=0,S=65)",42,7053.981800763933,0.4130532548824099,2.88,2043.899729155587,2118.997833266502
S2,"sS(s=0,S=70)",42,7000.656566671661,0.42597760207270213,2.78,2044.8860077156442,2124.7003037778522
S2,"sS(s=0,S=75)",42,6910.920928252829,0.44385767132942744,2.8,2023.2806876871014,2100.7959997868306
S2,"sS(s=0,S=80)",42,6845.134748926505,0.45832339863071786,2.74,2004.0405409845182,2081.4504115532986
S2,"sS(s=0,S=85)",42,6784.858478709761,0.4728942404500839,2.72,2006.8495009144597,2087.6642336070818
S2,"sS(s=0,S=90)",42,6737.069787897892,0.4846579345883956,2.74,2006.461258564037,2090.7675646551274
S2,"sS(s=0,S=95)",42,6665.624279774356,0.49668898938306244,2.7,2007.9268851288225,2096.745161716538
S2,"sS(s=10,S=100)",42,6580.113074180076,0.5184635594949377,2.6,2009.062296913567,2101.1677293639605
S2,"sS(s=10,S=15)",42,8500.704984450655,0.13201539906223514,4.24,2415.1571508680972,2485.0113444972903
S2,"sS(s=10,S=20)",42,8300.774929823645,0.16975996918118802,3.66,2356.4565369256093,2425.778039124468
S2,"sS(s=10,S=25)",42,8108.684549740661,0.20606313030820633,3.32,2300.3488067046997,2369.1521358426166
S2,"sS(s=10,S=30)",42,7930.029609020238,0.2397889146043945,3.28,2251.445654581023,2322.5365783561756
S2,"sS(s=10,S=35)",42,7762.858549129231,0.2718028894621817,3.16,2207.236462267051,2279.326620575425
S2,"sS(s=10,S=40)",42,7594.407322319007,0.3036740611722701,3.08,2165.0831384008047,2239.683923014102
S2,"sS(s=10,S=45)",42,7452.959625616042,0.3311737947573018,3.06,2132.7093350527853,2207.8589614779044
S2,"sS(s=10,S=50)",42,7320.453330542568,0.35749028879661227,2.96,2107.414667172636,2185.483153788301
S2,"sS(s=10,S=55)",42,7213.018203917924,0.378922904938797,3.02,2088.9956538933375,2169.918269172096
S2,"sS(s=10,S=60)",42,7086.853186911434,0.4034425858913409,2.82,2062.544799911853,2141.4723845572285
S2,"sS(s=10,S=65)",42,7007.248872149403,0.42189436052258084,2.84,2032.2359106210415,2109.678499788007
S2,"sS(s=10,S=70)",42,6923.078892828584,0.4400983183446754,2.72,2015.6436078413844,2089.2613039354947
S2,"sS(s=10,S=75)",42,6859.825690843266,0.4543768496144606,2.7,2007.357741145049,2084.308999938931
S2,"sS(s=10,S=80)",42,6823.024849559664,0.4651901600714959,2.64,2005.4964313100884,2082.4404115540838
S2,"sS(s=10,S=85)",42,6753.2304787231205,0.4799321226996824,2.64,1993.3400959619933,2071.649599461845
S2,"sS(s=10,S=90)",42,6679.157056112656,0.49689454350740514,2.68,1980.8122584672599,2060.0335644944375
S2,"sS(s=10,S=95)",42,6622.211501892925,0.5087100047011736,2.62,1993.4744878571842,2079.240161713021
S2,"sS(s=15,S=100)",42,6559.201514180284,0.5233512200052929,2.58,1986.6370569105422,2071.0949293617036
S2,"sS(s=15,S=20)",42,8300.090929823646,0.16988944984674284,3.66,2356.0245369256095,2425.238039124468
S2,"sS(s=15,S=25)",42,8106.125483872464,0.20658850880292948,3.32,2299.4615540101418,2368.4210699744194
S2,"sS(s=15,S=30)",42,7925.2566090232585,0.24076161281382288,3.26,2250.4040545820167,2321.0425783561755
S2,"sS(s=15,S=35)",42,7752.919549130483,0.2735701131423753,3.14,2205.002462268053,2276.921620576677
S2,"sS(s=15,S=40)",42,7586.548322320908,0.3051753285868906,3.06,2165.0519383693354,2239.6619230141023
S2,"sS(s=15,S=45)",42,7438.40992562006,0.3340773290339719,3.02,2129.630395052985,2205.4769614779043
S2,"sS(s=15,S=50)",42,7308.196330544447,0.36002984747396094,2.94,2101.2454671726364,2177.731153788301
S2,"sS(s=15,S=55)",42,7192.725531788144,0.3828777009607709,3.0,2081.195653894315,2160.9872691733185
S2,"sS(s=15,S=60)",42,7070.740422203334,0.4070271421780792,2.84,2058.5492469709784,2136.9103845572286
S2,"sS(s=15,S=65)",42,6974.710705486926,0.42764403763788733,2.78,2033.1381772879336,2111.621333121349
S2,"sS(s=15,S=70)",42,6911.123892827147,0.44270003388771445,2.74,2013.3866078408134,2087.552303934328
S2,"sS(s=15,S=75)",42,6839.3028229084375,0.4587066578082577,2.66,1998.4751411442423,2072.0449999389307
S2,"sS(s=15,S=80)",42,6777.470583333147,0.4734743547160226,2.6,1991.6509066346541,2066.505411709108
S2,"sS(s=15,S=85)",42,6731.109313438488,0.4845739838084862,2.54,1986.3206708168475,2064.229509647847
S2,"sS(s=15,S=90)",42,6652.0200561234615,0.5008812219793946,2.62,1981.1435969317808,2060.652564503969
S2,"sS(s=15,S=95)",42,6608.812113670193,0.5132414664610534,2.6,1980.0482383031165,2062.5278497310996
S2,"sS(s=20,S=100)",42,6540.270666828628,0.5281985581330457,2.54,1983.2857837923625,2066.4953379639787
S2,"sS(s=20,S=25)",42,8105.477483872464,0.20674465838479503,3.32,2299.7031540101416,2368.7810699744196
S2,"sS(s=20,S=30)",42,7922.48846401845,0.24132800405731866,3.26,2249.517201887459,2319.831512487978
S2,"sS(s=20,S=35)",42,7750.545549130483,0.27413890526842205,3.14,2203.668062268053,2275.2336205766774
S2,"sS(s=20,S=40)",42,7578.307322322159,0.30695071821037373,3.04,2160.411138369579,2233.6409230153545
S2,"sS(s=20,S=45)",42,7436.172925617039,0.33461640342074406,3.04,2127.7771950529846,2203.7969614779045
S2,"sS(s=20,S=50)",42,7296.894330544447,0.3618678747206362,2.94,2096.5923065164793,2172.343153788301
S2,"sS(s=20,S=55)",42,7173.360531795434,0.3866033905995536,2.9,2072.907586204137,2152.004269175109
S2,"sS(s=20,S=60)",42,7056.642422203464,0.40960782516960803,2.84,2052.796646970483,2131.6503845572283
S2,"sS(s=20,S=65)",42,6957.841705490871,0.43093342553043923,2.72,2032.2553772849724,2111.173333115285
S2,"sS(s=20,S=70)",42,6891.560631668849,0.4470558642503637,2.74,2008.4118450477713,2083.6214704437443
S2,"sS(s=20,S=75)",42,6821.41640543152,0.4626295502281369,2.68,1998.6425411431699,2074.0319999377643
S2,"sS(s=20,S=80)",42,6772.758747437178,0.47516347563001127,2.56,1987.1047394559223,2061.952411709878
S2,"sS(s=20,S=85)",42,6700.8031789551615,0.4903797423118931,2.54,1981.0289202345418,2057.900365803124
S2,"sS(s=20,S=90)",42,6656.553117519229,0.5023132707411561,2.54,1978.028596932056,2056.076564503969
S2,"sS(s=20,S=95)",42,6582.22054547069,0.5175092751636104,2.54,1981.6773459956507,2063.3728497326397
S2,"sS(s=25,S=100)",42,6515.246505118446,0.5336816150951902,2.54,1973.4714050497723,2053.822504630743
S2,"sS(s=25,S=30)",42,7921.244464018449,0.24160910407321473,3.26,2248.8776018874587,2319.069512487978
S2,"sS(s=25,S=35)",42,7746.334912640871,0.2749723523351243,3.14,2202.3195530763633,2273.580984087065
S2,"sS(s=25,S=40)",42,7577.85532232216,0.30715740345370723,3.04,2160.355538369579,2233.6409230153545
S2,"sS(s=25,S=45)",42,7427.913925618292,0.3362259993675167,3.02,2125.829195022517,2201.3879614791567
S2,"sS(s=25,S=50)",42,7291.673330547466,0.36297922891207784,2.92,2097.3259065164793,2173.809153788301
S2,"sS(s=25,S=55)",42,7165.162531799411,0.388292825753018,2.86,2069.8231862041366,2148.312269175109
S2,"sS(s=25,S=60)",42,7043.114080745519,0.4124858777508314,2.78,2047.381246969109,2126.8863845544347
S2,"sS(s=25,S=65)",42,6941.971881959401,0.4337954145975271,2.74,2028.4081166718563,2107.36017327145
S2,"sS(s=25,S=70)",42,6857.38463167284,0.45253566083675567,2.7,2007.7404450552265,2085.8124704548395
S2,"sS(s=25,S=75)",42,6806.546405434308,0.4656787557474587,2.64,1993.401941144929,2067.7949999389307
S2,"sS(s=25,S=80)",42,6732.175662298253,0.4822909141796442,2.5,1974.4069394544733,2050.3894117059176
S2,"sS(s=25,S=85)",42,6695.138759595695,0.49217892724832607,2.58,1974.964920235274,2048.7303658031237
S2,"sS(s=25,S=90)",42,6624.0711175210545,0.5077199745056523,2.5,1972.1123970553997,2050.1105646551314
S2,"sS(s=25,S=95)",42,6570.6108572999865,0.5208025619030068,2.52,1978.945395458263,2060.830161560561
S2,"sS(s=30,S=100)",42,6392.602595414585,0.554883074950831,2.4,1952.0480307171038,2035.9448551166015
S2,"sS(s=30,S=35)",42,7735.769731268685,0.27683121903603086,3.14,2200.5877530779576,2271.8104840897095
S2,"sS(s=30,S=40)",42,7556.984089787429,0.31084406430148925,3.04,2157.827485675084,2231.8688571472358
S2,"sS(s=30,S=45)",42,7394.061675623412,0.3422768779271341,2.98,2121.2201950233093,2197.4394614792745
S2,"sS(s=30,S=50)",42,7250.704997217652,0.37028552156089295,2.88,2091.7779065176064,2170.21415378971
S2,"sS(s=30,S=55)",42,7111.660031805857,0.3977510042901447,2.78,2062.5533862024,2142.3097691724292
S2,"sS(s=30,S=60)",42,6983.233210696056,0.42339546324092736,2.68,2039.357150926808,2121.765514502147
S2,"sS(s=30,S=65)",42,6861.310166965655,0.4478791019240795,2.66,2013.1156465950103,2093.074294809917
S2,"sS(s=30,S=70)",42,6771.922111682052,0.4674895242592856,2.56,1993.1887410549598,2073.3604704511163
S2,"sS(s=30,S=75)",42,6703.6510509643795,0.483698171591304,2.64,1981.7035085828152,2061.9549997798995
S2,"sS(s=30,S=80)",42,6636.396278810355,0.4997133653416779,2.44,1962.2163396001706,2042.2909997798995
S2,"sS(s=30,S=85)",42,6578.966877359668,0.5124171922830422,2.54,1957.9236564446433,2036.8183656353754
S2,"sS(s=30,S=90)",42,6514.001830853949,0.52852666821703,2.52,1971.1568422854712,2051.712540094531
S2,"sS(s=30,S=95)",42,6455.114405890976,0.5417519861381358,2.5,1961.2853614465848,2045.362744883476
S2,"sS(s=35,S=100)",42,6375.683595415999,0.5593216359989762,2.38,1947.7868307192994,2031.0758551215208
S2,"sS(s=35,S=40)",42,7555.065089790449,0.31120901022462777,3.02,2157.713085675084,2231.644857147236
S2,"sS(s=35,S=45)",42,7391.454609755216,0.3427966809235746,2.98,2120.1033423287518,2196.252395611077
S2,"sS(s=35,S=50)",42,7244.553997219162,0.3714439345953189,2.86,2088.5633065179086,2166.5241537897105
S2,"sS(s=35,S=55)",42,7104.328031810129,0.39917430263154835,2.74,2059.0103862038745,2138.228769173681
S2,"sS(s=35,S=60)",42,6979.684161515769,0.424382017625976,2.68,2037.4015509268079,2119.135514502147
S2,"sS(s=35,S=65)",42,6855.536166965655,0.44920051786090276,2.66,2009.154446596004,2089.250294811573
S2,"sS(s=35,S=70)",42,6761.507745458195,0.46972894403050847,2.56,1988.625964584378,2068.346470451116
S2,"sS(s=35,S=75)",42,6681.95405096658,0.48770280812355,2.62,1978.749308583255,2060.3409997798994
S2,"sS(s=35,S=80)",42,6620.458385604711,0.502762882884171,2.46,1959.091739598123,2038.2929997798994
S2,"sS(s=35,S=85)",42,6557.092660473228,0.5167424710245062,2.5,1948.7063794017815,2026.7266428600165
S2,"sS(s=35,S=90)",42,6496.559612672813,0.5307899900014968,2.44,1955.3975822910706,2037.1725401006436
S2,"sS(s=35,S=95)",42,6439.621552557006,0.5457247668062704,2.5,1955.2323614442168,2037.3877448794121
S2,"sS(s=40,S=100)",42,6294.527507977486,0.5759298997748872,2.38,1917.4074735120694,1999.182172549682
S2,"sS(s=40,S=45)",42,7381.691664259807,0.3444998085438746,2.98,2118.4236698963314,2194.724395611077
S2,"sS(s=40,S=50)",42,7223.860140362123,0.3751526927229492,2.82,2084.125828959882,2162.273087921513
S2,"sS(s=40,S=55)",42,7076.200545324941,0.40408209105614895,2.72,2053.423088907576,2133.169769174913
S2,"sS(s=40,S=60)",42,6936.443512870253,0.43193785220628045,2.64,2026.3668211975219,2108.274514501842
S2,"sS(s=40,S=65)",42,6813.195789150676,0.4573687918124245,2.64,2002.405780164153,2084.0899144750224
S2,"sS(s=40,S=70)",42,6711.489613313491,0.4789923829960776,2.56,1981.2606154897387,2062.9614704525493
S2,"sS(s=40,S=75)",42,6618.556720155076,0.49907376818788185,2.54,1965.1511906630813,2048.244999783123
S2,"sS(s=40,S=80)",42,6543.801096639109,0.5164689572445339,2.44,1946.0997201388673,2027.2492466246485
S2,"sS(s=40,S=85)",42,6471.954690978285,0.5329043624444031,2.48,1927.9937794056718,2008.7216428640727
S2,"sS(s=40,S=90)",42,6419.619082003948,0.5453846624179727,2.46,1935.8895822909922,2018.9155400998452
S2,"sS(s=40,S=95)",42,6352.479088606971,0.5614996696361882,2.48,1924.1539353023077,2006.5382845290872
S2,"sS(s=45,S=100)",42,6277.984014985221,0.5787971665370027,2.32,1901.8767081675285,1982.5467639433432
S2,"sS(s=45,S=50)",42,7221.472831720313,0.37561383815675237,2.82,2083.9050289598817,2162.183087921513
S2,"sS(s=45,S=55)",42,7073.211479456743,0.40467570557117655,2.72,2052.4814362130182,2132.202703306716
S2,"sS(s=45,S=60)",42,6931.3472954820745,0.4329473653393925,2.62,2025.1600211968146,2106.754514501842
S2,"sS(s=45,S=65)",42,6807.500890417074,0.4586059803244133,2.62,1997.7621801661326,2078.5119144774962
S2,"sS(s=45,S=70)",42,6696.062025469899,0.4816330672155005,2.52,1976.024764586898,2057.5594704525497
S2,"sS(s=45,S=75)",42,6611.825720158979,0.5004434352605498,2.48,1961.0195906655074,2042.526999786156
S2,"sS(s=45,S=80)",42,6525.361498217709,0.5194512734153754,2.42,1945.690680141706,2028.2085132967043
S2,"sS(s=45,S=85)",42,6455.065597650468,0.5358543324384724,2.42,1922.4369794048027,2002.3486428624456
S2,"sS(s=45,S=90)",42,6398.91408200793,0.5492070217016929,2.4,1919.3095822942694,1998.9845401039793
S2,"sS(s=45,S=95)",42,6341.414158307272,0.5639682780488969,2.46,1919.7099462609663,2002.4872982279776
S2,"sS(s=5,S=10)",42,8704.157312320249,0.09379725435060474,4.98,2476.1418953840907,2547.0166362164637
S2,"sS(s=5,S=100)",42,6586.4111329957295,0.5146331245428981,2.66,2026.4613086774875,2120.3097293639607
S2,"sS(s=5,S=15)",42,8501.38014660317,0.13187331218638892,4.26,2415.4087833005256,2485.2773444972904
S2,"sS(s=5,S=20)",42,8301.565995691843,0.1695139257286607,3.66,2357.124989620167,2426.509104992665
S2,"sS(s=5,S=25)",42,8110.2969133768565,0.20558822259301424,3.32,2300.8472067046996,2369.874135842617
S2,"sS(s=5,S=30)",42,7939.768373355943,0.23802553513415411,3.3,2256.3182715290914,2328.885849541261
S2,"sS(s=5,S=35)",42,7763.990549129231,0.2713395564523467,3.16,2207.853662267069,2280.428620575425
S2,"sS(s=5,S=40)",42,7598.539322319007,0.3028178201392706,3.08,2166.826338400805,2241.723923014102
S2,"sS(s=5,S=45)",42,7472.593625612655,0.32786649540173146,3.1,2139.7132202987837,2215.2929614779046
S2,"sS(s=5,S=50)",42,7338.737330539218,0.35367061471298766,3.02,2114.26406717264,2192.4111537887175
S2,"sS(s=5,S=55)",42,7221.422203917423,0.37651427527972453,3.02,2090.895053895211,2169.22126917576
S2,"sS(s=5,S=60)",42,7105.031186908862,0.4000522066939215,2.86,2067.668999818019,2148.239384401113
S2,"sS(s=5,S=65)",42,7036.179800772454,0.4169425060460014,2.8,2033.649604159154,2105.6038332725657
S2,"sS(s=5,S=70)",42,6952.497892827476,0.4341297117907684,2.74,2028.7346078411629,2104.6533039354945
S2,"sS(s=5,S=75)",42,6901.674493019512,0.44693609832023173,2.7,2020.454671457625,2097.2259997868305
S2,"sS(s=5,S=80)",42,6821.812849552412,0.4630223726474057,2.76,2003.6474313119718,2080.8914115589155
S2,"sS(s=5,S=85)",42,6763.099604924193,0.4773034832945903,2.72,2003.4597533724993,2085.292233607082
S2,"sS(s=5,S=90)",42,6703.834787899123,0.4909255132430541,2.72,1988.7418584649554,2068.8695644912136
S2,"sS(s=5,S=95)",42,6642.942592799976,0.5033619858757148,2.66,1999.607487858937,2084.2661617174713
S2,"sS(s=50,S=100)",42,6213.09736796428,0.5903989909104445,2.26,1896.7950989483209,1983.6889686346058
S2,"sS(s=50,S=55)",42,7064.446749171321,0.40636097438256663,2.72,2051.2418234127886,2131.255687305612
S2,"sS(s=50,S=60)",42,6912.726229613877,0.4362792886197419,2.62,2021.54116850291,2103.1874486336446
S2,"sS(s=50,S=65)",42,6777.621598197009,0.4637820721536652,2.56,1990.5413473979147,2071.267123515571
S2,"sS(s=50,S=70)",42,6664.259357897121,0.48751930999868365,2.46,1966.5238852299365,2048.716166451656
S2,"sS(s=50,S=75)",42,6569.025077238853,0.5081096539450831,2.54,1946.4482007947988,2028.8549997888317
S2,"sS(s=50,S=80)",42,6482.180946622817,0.5270753747691473,2.5,1929.4284388686103,2011.4579617059987
S2,"sS(s=50,S=85)",42,6404.467079931778,0.5450723248067277,2.5,1907.1582328176717,1986.5459527653466
S2,"sS(s=50,S=90)",42,6330.840928603923,0.5615310329890165,2.44,1897.0330185538294,1977.5412821462585
S2,"sS(s=50,S=95)",42,6264.156986396942,0.5773649231354951,2.38,1896.5571276441176,1980.7057620280589
S2,"sS(s=55,S=100)",42,6191.722367816019,0.5940562624206545,2.2,1891.6448047076626,1979.511968480606
S2,"sS(s=55,S=60)",42,6909.649064455593,0.43681087101608446,2.6,2019.7084961872379,2101.133358238199
S2,"sS(s=55,S=65)",42,6772.616532328812,0.4646698868341261,2.56,1987.728094703357,2068.084057647374
S2,"sS(s=55,S=70)",42,6660.559357897121,0.48830410722479917,2.46,1965.4718852299366,2047.4541664516562
S2,"sS(s=55,S=75)",42,6561.296077242081,0.5095646138075425,2.52,1943.1896007964422,2024.8939997900839
S2,"sS(s=55,S=80)",42,6471.551656771992,0.5289794368767591,2.46,1926.286406987322,2008.6836718541265
S2,"sS(s=55,S=85)",42,6391.530591745604,0.5474247665659723,2.5,1905.1896328188448,1985.3569527673017
S2,"sS(s=55,S=90)",42,6320.846001058824,0.5637986866541237,2.48,1891.233818554647,1970.5012821462587
S2,"sS(s=55,S=95)",42,6243.608466400982,0.5807409602998588,2.32,1883.4561196462064,1964.6180286974893
S2,"sS(s=60,S=100)",42,6170.886786115076,0.5974211939188219,2.16,1885.4830153747148,1972.2959684806058
S2,"sS(s=60,S=65)",42,6772.140532328811,0.46477894270278797,2.56,1987.672494703357,2068.216057647374
S2,"sS(s=60,S=70)",42,6656.301069808589,0.48911254439917,2.44,1962.010054759111,2043.3498783631244
S2,"sS(s=60,S=75)",42,6557.339770790719,0.5106282350940101,2.5,1943.5006007951838,2025.768999788293
S2,"sS(s=60,S=80)",42,6464.388342106889,0.5303684523424126,2.44,1920.9485982930648,2001.8256718566204
S2,"sS(s=60,S=85)",42,6389.474232523454,0.5479029802178046,2.48,1904.5862328208502,1983.9079527683714
S2,"sS(s=60,S=90)",42,6311.570774394878,0.5655572487894173,2.46,1888.9607759346795,1967.5732821497313
S2,"sS(s=60,S=95)",42,6232.126614917269,0.5829527341029143,2.3,1878.8568670306609,1959.162462928934
S2,"sS(s=65,S=100)",42,6158.184786115075,0.5997145940386729,2.16,1872.6736153744703,1955.5499684806057
S2,"sS(s=65,S=70)",42,6653.491084982628,0.4895905550211905,2.44,1959.6818311272589,2040.6618783631243
S2,"sS(s=65,S=75)",42,6553.697080924382,0.5113723907047948,2.48,1939.2199481000105,2020.4869339218867
S2,"sS(s=65,S=80)",42,6457.400350881849,0.5317603469070696,2.44,1917.7261982944974,1997.934671858411
S2,"sS(s=65,S=85)",42,6382.049899191445,0.5490139953650324,2.46,1898.8654861580033,1976.303152774946
S2,"sS(s=65,S=90)",42,6296.830939883086,0.5679707417162551,2.46,1882.0169759334974,1959.8672821472856
S2,"sS(s=65,S=95)",42,6222.977962743283,0.5846811280267257,2.3,1872.4126993891562,1950.3304009177548
S2,"sS(s=70,S=100)",42,6140.027786116241,0.6029239439557051,2.14,1863.1648153754036,1943.4629684817724
S2,"sS(s=70,S=75)",42,6550.829594448331,0.5118436440646825,2.46,1938.194148102064,2019.3529339218865
S2,"sS(s=70,S=80)",42,6454.035188239659,0.5324025173868907,2.42,1917.3843455986812,1997.676605988423
S2,"sS(s=70,S=85)",42,6374.960621582875,0.5502206949874664,2.46,1896.8035242532862,1974.7691527749462
S2,"sS(s=70,S=90)",42,6288.985939888196,0.5693743199923166,2.4,1877.6413759385673,1954.25828215508
S2,"sS(s=70,S=95)",42,6218.289018745567,0.585710378711602,2.3,1871.9614993918344,1950.1614009211025
S2,"sS(s=75,S=100)",42,6132.935656705874,0.6045131407558392,2.12,1858.3463118471095,1937.3808390714048
S2,"sS(s=75,S=80)",42,6452.277210351156,0.5328528962467661,2.4,1915.5517263880993,1995.4980711048481
S2,"sS(s=75,S=85)",42,6370.141895931039,0.551339242992354,2.48,1893.2189554298006,1970.2179417455889
S2,"sS(s=75,S=90)",42,6285.431606558289,0.5701845880292269,2.36,1876.4143092729769,1953.1129488230918
S2,"sS(s=75,S=95)",42,6206.219145841291,0.5878871387928797,2.22,1863.0478476286967,1939.858836217933
S2,"sS(s=80,S=100)",42,6132.248186120356,0.6049049711486435,2.08,1857.1607118481109,1935.7098390726567
S2,"sS(s=80,S=85)",42,6367.031828806435,0.5518964626969547,2.4,1892.4693554320538,1969.6789417474329
S2,"sS(s=80,S=90)",42,6281.959707358776,0.5707769484416232,2.34,1875.3326899133501,1951.8378829575042
S2,"sS(s=80,S=95)",42,6203.873145841291,0.5883903911890116,2.22,1862.8434476286968,1939.4988362179329
S2,"sS(s=85,S=100)",42,6127.265186123778,0.6059506506294582,2.06,1855.953111847509,1934.545839072657
S2,"sS(s=85,S=90)",42,6279.760518004297,0.5711707657532554,2.34,1873.830953799578,1950.0108829541562
S2,"sS(s=85,S=95)",42,6201.000079973094,0.5889714426192425,2.22,1861.905394934139,1938.1117703497357
S2,"sS(s=90,S=100)",42,6124.86017625764,0.6064182985853703,2.04,1854.2790591529513,1932.7167732044595
S2,"sS(s=90,S=95)",42,6200.070700528686,0.5892098209008846,2.22,1862.1683190452575,1938.619770349736
S3,myopic,42,4161.37,0.6557266385848544,0.76,1190.5558,1233.881
S3,"sS(s=0,S=10)",42,5498.476000000001,0.11588693387185359,1.86,1476.4188000000001,1502.34
S3,"sS(s=0,S=100)",42,4355.276000000001,0.5706615567897037,1.12,1216.266,1249.691
S3,"sS(s=0,S=15)",42,5348.061000000001,0.16394847913419283,1.44,1435.6004,1460.9840000000002
S3,"sS(s=0,S=20)",42,5204.0070000000005,0.2111931455209456,1.4,1398.9768000000001,1424.3590000000002
S3,"sS(s=0,S=25)",42,5069.327,0.25610801241817144,1.46,1365.3842000000002,1391.725
S3,"sS(s=0,S=30)",42,4947.808000000001,0.29687790543590065,1.42,1333.615,1360.3730000000003
S3,"sS(s=0,S=35)",42,4837.279,0.3343130610210149,1.4,1310.5808,1339.585
S3,"sS(s=0,S=40)",42,4743.013000000001,0.36808135562494665,1.38,1288.0068,1316.228
S3,"sS(s=0,S=45)",42,4659.464,0.39925552983456514,1.36,1274.6806000000001,1306.3000000000002
S3,"sS(s=0,S=50)",42,4593.923000000001,0.4231954886544061,1.32,1270.2032000000002,1305.384
S3,"sS(s=0,S=55)",42,4534.673000000001,0.44666648362945915,1.48,1252.8666,1284.78
S3,"sS(s=0,S=60)",42,4480.054,0.469339845385466,1.5,1238.6390000000001,1270.951
S3,"sS(s=0,S=65)",42,4433.788,0.489523150099173,1.38,1240.2160000000001,1277.037
S3,"sS(s=0,S=70)",42,4413.4710000000005,0.5065978566253211,1.32,1229.1922,1264.414
S3,"sS(s=0,S=75)",42,4387.782,0.5223995030366346,1.28,1224.9126,1259.5620000000001
S3,"sS(s=0,S=80)",42,4389.661,0.531111023347266,1.28,1228.0454,1261.411
S3,"sS(s=0,S=85)",42,4361.262,0.5451297127161777,1.12,1214.4936,1245.557
S3,"sS(s=0,S=90)",42,4350.109,0.5591563252107125,1.18,1200.1848,1229.672
S3,"sS(s=0,S=95)",42,4348.59,0.5691527913023269,1.16,1214.3816,1247.731
S3,"sS(s=10,S=100)",42,4302.485,0.5965791404791889,1.08,1199.9178,1232.935
S3,"sS(s=10,S=15)",42,5346.933000000001,0.1643105191757277,1.44,1435.39,1460.9840000000002
S3,"sS(s=10,S=20)",42,5201.559,0.21198812948667267,1.4,1398.3024000000003,1423.603
S3,"sS(s=10,S=25)",42,5063.231000000001,0.2579411810450118,1.42,1363.6586000000002,1389.565
S3,"sS(s=10,S=30)",42,4933.831,0.301475127142558,1.4,1331.9498,1358.7790000000002
S3,"sS(s=10,S=35)",42,4817.622,0.34131262411655044,1.4,1304.7436,1332.99
S3,"sS(s=10,S=40)",42,4718.962,0.37620279188329775,1.36,1282.6032,1312.161
S3,"sS(s=10,S=45)",42,4632.92,0.4080636924450161,1.34,1262.6014,1292.111
S3,"sS(s=10,S=50)",42,4552.775,0.43809372793259915,1.24,1250.8788,1283.295
S3,"sS(s=10,S=55)",42,4501.25,0.45949916690185055,1.32,1245.5824,1278.803
S3,"sS(s=10,S=60)",42,4433.869000000001,0.48547851975611034,1.3,1229.63,1262.8110000000001
S3,"sS(s=10,S=65)",42,4393.679,0.5048550676824466,1.32,1220.3572,1254.409
S3,"sS(s=10,S=70)",42,4364.377,0.5226335381025013,1.28,1213.4472,1247.834
S3,"sS(s=10,S=75)",42,4338.783,0.5393843176302185,1.22,1210.1188,1246.249
S3,"sS(s=10,S=80)",42,4315.462,0.5571983014748834,1.2,1204.4712000000002,1237.862
S3,"sS(s=10,S=85)",42,4323.631,0.5640005149033848,1.16,1214.7436,1250.449
S3,"sS(s=10,S=90)",42,4309.19,0.5785293977944354,1.1,1199.4080000000001,1230.164
S3,"sS(s=10,S=95)",42,4310.245,0.5858256091511367,1.02,1193.345,1223.365
S3,"sS(s=15,S=100)",42,4292.57,0.6034412620841384,1.02,1195.53,1229.2420000000002
S3,"sS(s=15,S=20)",42,5201.079000000001,0.21214356671806517,1.4,1398.1744,1423.603
S3,"sS(s=15,S=25)",42,5061.671,0.2584526011298915,1.42,1363.217,1389.0130000000001
S3,"sS(s=15,S=30)",42,4930.903,0.3024162394132751,1.4,1330.9076,1357.5620000000001
S3,"sS(s=15,S=35)",42,4812.927,0.34269352859918817,1.38,1304.1108,1332.3370000000002
S3,"sS(s=15,S=40)",42,4710.049,0.379032428270612,1.36,1280.6860000000001,1310.4170000000001
S3,"sS(s=15,S=45)",42,4621.294,0.4119614088377707,1.32,1258.5826000000002,1287.743
S3,"sS(s=15,S=50)",42,4547.418000000001,0.44052558418395377,1.22,1247.6246,1279.126
S3,"sS(s=15,S=55)",42,4475.934,0.468309861903724,1.22,1239.2442,1273.3890000000001
S3,"sS(s=15,S=60)",42,4427.723000000001,0.48897929063481416,1.28,1229.3226000000002,1261.975
S3,"sS(s=15,S=65)",42,4375.7970000000005,0.5108323260237355,1.22,1212.3152,1246.635
S3,"sS(s=15,S=70)",42,4336.259,0.531669566805395,1.22,1205.4714,1240.453
S3,"sS(s=15,S=75)",42,4324.637,0.5465991642763846,1.2,1196.5339999999999,1230.193
S3,"sS(s=15,S=80)",42,4292.29,0.5646901259635839,1.2,1200.2802000000001,1234.617
S3,"sS(s=15,S=85)",42,4287.99,0.5758856033568591,1.14,1197.317,1229.633
S3,"sS(s=15,S=90)",42,4286.338,0.586747079557412,1.08,1197.453,1230.5970000000002
S3,"sS(s=15,S=95)",42,4287.646000000001,0.5973988639641921,0.96,1185.8708,1215.423
S3,"sS(s=20,S=100)",42,4260.779,0.6155746632704432,0.96,1180.401,1210.743
S3,"sS(s=20,S=25)",42,5060.879,0.2587017734658286,1.42,1363.0346000000002,1388.8210000000001
S3,"sS(s=20,S=30)",42,4929.259,0.3028852312957526,1.38,1330.3028,1356.806
S3,"sS(s=20,S=35)",42,4808.1990000000005,0.344225781205579,1.38,1303.1094,1331.372
S3,"sS(s=20,S=40)",42,4704.146000000001,0.38128328999687894,1.36,1278.4628,1307.902
S3,"sS(s=20,S=45)",42,4608.416,0.41608391632255276,1.32,1256.8276,1287.4550000000002
S3,"sS(s=20,S=50)",42,4532.303000000001,0.4450290193631509,1.2,1242.7626,1273.888
S3,"sS(s=20,S=55)",42,4466.584,0.4717379016190701,1.22,1231.0620000000001,1263.7220000000002
S3,"sS(s=20,S=60)",42,4415.742,0.49301517546864704,1.18,1227.6036,1260.641
S3,"sS(s=20,S=65)",42,4357.946,0.5163904263454271,1.18,1212.6254000000001,1246.923
S3,"sS(s=20,S=70)",42,4313.443,0.5390523860863832,1.18,1200.0052,1235.2740000000001
S3,"sS(s=20,S=75)",42,4306.25,0.5519093244288336,1.16,1198.2812,1232.976
S3,"sS(s=20,S=80)",42,4284.1320000000005,0.5698519460127927,1.2,1190.5506,1224.0890000000002
S3,"sS(s=20,S=85)",42,4260.695,0.5850188917380976,1.1,1192.8008,1226.7420000000002
S3,"sS(s=20,S=90)",42,4266.339,0.5945850825486246,1.08,1192.0188,1224.6580000000001
S3,"sS(s=20,S=95)",42,4262.386,0.6073929008629849,0.92,1188.4744,1221.807
S3,"sS(s=25,S=100)",42,4239.517,0.6253603599960411,0.88,1180.9212,1215.751
S3,"sS(s=25,S=30)",42,4928.299,0.30319446992433646,1.38,1330.0754000000002,1356.531
S3,"sS(s=25,S=35)",42,4806.256,0.3449612973136975,1.38,1302.0422,1329.9360000000001
S3,"sS(s=25,S=40)",42,4699.502,0.3828234926115984,1.34,1277.75,1307.114
S3,"sS(s=25,S=45)",42,4602.978,0.4179086694708674,1.32,1256.2818,1286.9270000000001
S3,"sS(s=25,S=50)",42,4522.256,0.44864133521408506,1.2,1238.8754000000001,1269.615
S3,"sS(s=25,S=55)",42,4459.237,0.4742658948557789,1.16,1228.6888000000001,1260.8270000000002
S3,"sS(s=25,S=60)",42,4400.876,0.49902585431572105,1.12,1221.3548,1254.921
S3,"sS(s=25,S=65)",42,4347.677,0.5217664340857803,1.16,1210.4872,1244.497
S3,"sS(s=25,S=70)",42,4309.104,0.541455239385741,1.16,1194.6912,1228.878
S3,"sS(s=25,S=75)",42,4284.18,0.5581926188342399,1.1,1192.1126000000002,1227.825
S3,"sS(s=25,S=80)",42,4264.789000000001,0.5757532749744253,1.12,1187.6366,1222.8470000000002
S3,"sS(s=25,S=85)",42,4244.414000000001,0.5914256012222513,1.06,1188.0266000000001,1222.4080000000001
S3,"sS(s=25,S=90)",42,4246.955,0.6006939253098225,1.1,1189.2105999999999,1222.152
S3,"sS(s=25,S=95)",42,4236.227,0.6160479289283922,0.94,1187.225,1221.623
S3,"sS(s=30,S=100)",42,4159.115,0.6535375373755467,0.92,1169.3728,1203.703
S3,"sS(s=30,S=35)",42,4799.392,0.34712211268390425,1.38,1301.663,1329.576
S3,"sS(s=30,S=40)",42,4684.076,0.38762958412236226,1.32,1276.0096,1305.3890000000001
S3,"sS(s=30,S=45)",42,4582.312,0.42478378090546776,1.32,1253.8854000000001,1284.703
S3,"sS(s=30,S=50)",42,4491.768,0.45839826894823155,1.2,1235.7066,1267.326
S3,"sS(s=30,S=55)",42,4420.465,0.486728053725676,1.16,1224.6492,1257.755
S3,"sS(s=30,S=60)",42,4354.049,0.5144042650145414,1.12,1208.3558,1240.4940000000001
S3,"sS(s=30,S=65)",42,4308.136,0.5355448958344974,1.1,1203.1434,1236.458
S3,"sS(s=30,S=70)",42,4256.997,0.5582456733968272,1.1,1190.6674,1225.689
S3,"sS(s=30,S=75)",42,4214.429,0.5806223768070022,1.06,1181.2984,1216.941
S3,"sS(s=30,S=80)",42,4200.086,0.5964812293107348,1.06,1178.9358,1214.153
S3,"sS(s=30,S=85)",42,4176.987,0.6141838622391783,1.02,1175.6322,1210.9360000000001
S3,"sS(s=30,S=90)",42,4170.296,0.6269941248061096,1.04,1172.6774,1207.04
S3,"sS(s=30,S=95)",42,4163.572,0.6394428323868481,0.96,1173.391,1207.022
S3,"sS(s=35,S=100)",42,4147.867,0.6568298919331726,0.9,1167.5904,1202.608
S3,"sS(s=35,S=40)",42,4683.164000000001,0.38792463959238604,1.32,1275.9664,1305.305
S3,"sS(s=35,S=45)",42,4579.4400000000005,0.425730295913619,1.3,1253.5318,1284.267
S3,"sS(s=35,S=50)",42,4484.83,0.4606201824089124,1.2,1234.6282,1266.486
S3,"sS(s=35,S=55)",42,4408.512,0.4907375125680119,1.12,1219.0836,1250.784
S3,"sS(s=35,S=60)",42,4346.075,0.5168955566568701,1.04,1205.7786,1237.665
S3,"sS(s=35,S=65)",42,4292.1990000000005,0.5412750273210576,1.02,1197.972,1230.8870000000002
S3,"sS(s=35,S=70)",42,4247.889,0.562034494938817,1.1,1189.787,1224.757
S3,"sS(s=35,S=75)",42,4207.396000000001,0.5837255313695838,1.04,1177.1580000000001,1211.787
S3,"sS(s=35,S=80)",42,4186.643,0.6010609024935354,0.98,1175.1784,1211.316
S3,"sS(s=35,S=85)",42,4163.211,0.6192527981237198,0.92,1170.0778,1206.258
S3,"sS(s=35,S=90)",42,4145.8060000000005,0.6352699950702317,1.0,1168.1624000000002,1202.675
S3,"sS(s=35,S=95)",42,4153.156,0.6443499272629899,0.94,1167.0716,1201.209
S3,"sS(s=40,S=100)",42,4108.12,0.6729831749509769,0.88,1164.3254000000002,1200.685
S3,"sS(s=40,S=45)",42,4572.305,0.42800193021093863,1.3,1252.843,1283.611
S3,"sS(s=40,S=50)",42,4473.066000000001,0.46466798451121605,1.2,1233.5886,1265.372
S3,"sS(s=40,S=55)",42,4386.44,0.4978856111118642,1.12,1216.4562,1248.516
S3,"sS(s=40,S=60)",42,4317.52,0.5260552181045949,1.02,1203.4544,1236.263
S3,"sS(s=40,S=65)",42,4259.254,0.5522583391736968,1.02,1192.8226000000002,1226.1770000000001
S3,"sS(s=40,S=70)",42,4213.692,0.5749800629592707,1.08,1184.2778,1218.862
S3,"sS(s=40,S=75)",42,4168.456,0.5971333885210087,1.02,1176.4032,1212.191
S3,"sS(s=40,S=80)",42,4144.6140000000005,0.6155837441531355,0.96,1170.0644,1205.665
S3,"sS(s=40,S=85)",42,4120.817,0.6337587365137288,0.9,1164.8096,1199.795
S3,"sS(s=40,S=90)",42,4100.707,0.6507624187974632,0.94,1161.0356,1197.3310000000001
S3,"sS(s=40,S=95)",42,4102.986000000001,0.6629144011661099,0.86,1163.6804,1202.372
S3,"sS(s=45,S=100)",42,4089.882,0.6794413698285864,0.82,1157.3018,1194.938
S3,"sS(s=45,S=50)",42,4472.062,0.4649796201177475,1.18,1233.4094,1265.124
S3,"sS(s=45,S=55)",42,4384.38,0.498565816172917,1.12,1215.8994,1248.048
S3,"sS(s=45,S=60)",42,4311.284000000001,0.5281054632237945,1.0,1202.8292,1235.705
S3,"sS(s=45,S=65)",42,4252.287,0.5546933318053778,1.0,1191.1886,1224.191
S3,"sS(s=45,S=70)",42,4206.126,0.5780567701898127,1.06,1181.7872,1216.2020000000002
S3,"sS(s=45,S=75)",42,4166.718000000001,0.5993324767429051,1.04,1172.0854000000002,1207.136
S3,"sS(s=45,S=80)",42,4131.408,0.6200226642629224,0.94,1162.3296,1196.425
S3,"sS(s=45,S=85)",42,4107.754,0.6386466572818214,0.9,1160.0646000000002,1195.034
S3,"sS(s=45,S=90)",42,4094.3579999999997,0.6533339221631373,0.9,1154.8572,1190.096
S3,"sS(s=45,S=95)",42,4081.9960000000005,0.6692043016386369,0.9,1159.5052,1197.281
S3,"sS(s=5,S=10)",42,5498.476000000001,0.11588693387185359,1.86,1476.4188000000001,1502.34
S3,"sS(s=5,S=100)",42,4331.369000000001,0.5861396301900643,1.12,1213.2468000000001,1246.652
S3,"sS(s=5,S=15)",42,5347.125,0.16425435911956765,1.44,1435.4284,1460.9840000000002
S3,"sS(s=5,S=20)",42,5202.735000000001,0.2115976686568545,1.4,1398.36,1423.603
S3,"sS(s=5,S=25)",42,5064.791,0.25743808352042735,1.42,1363.7402000000002,1389.565
S3,"sS(s=5,S=30)",42,4940.278,0.2992036523959967,1.4,1334.0924000000002,1361.0420000000001
S3,"sS(s=5,S=35)",42,4824.946,0.33843585615916877,1.4,1308.3886000000002,1337.257
S3,"sS(s=5,S=40)",42,4730.5740000000005,0.3722907361938942,1.38,1284.7448000000002,1313.1689999999999
S3,"sS(s=5,S=45)",42,4644.863,0.40419220974414677,1.34,1268.1232,1297.94
S3,"sS(s=5,S=50)",42,4569.5160000000005,0.432080778552549,1.26,1258.0292,1290.592
S3,"sS(s=5,S=55)",42,4511.1,0.45510239830436916,1.34,1249.0414,1281.511
S3,"sS(s=5,S=60)",42,4457.275,0.4763987695935843,1.4,1235.3268,1268.16
S3,"sS(s=5,S=65)",42,4411.0560000000005,0.49854651013033113,1.34,1222.2022,1255.419
S3,"sS(s=5,S=70)",42,4387.4310000000005,0.5141527184991997,1.3,1224.61,1262.267
S3,"sS(s=5,S=75)",42,4352.298,0.5346760457291326,1.2,1218.203,1253.307
S3,"sS(s=5,S=80)",42,4357.441000000001,0.543165122354518,1.26,1219.5824,1254.056
S3,"sS(s=5,S=85)",42,4343.923000000001,0.5553621509165323,1.18,1210.736,1242.596
S3,"sS(s=5,S=90)",42,4331.638000000001,0.5663588300265184,1.1,1199.068,1227.5710000000001
S3,"sS(s=5,S=95)",42,4327.927,0.5772527245631648,1.08,1198.9669999999999,1229.689
S3,"sS(s=50,S=100)",42,4078.34,0.6875236223886282,0.84,1161.4628,1201.495
S3,"sS(s=50,S=55)",42,4377.977,0.5007220753905084,1.12,1215.2186,1247.361
S3,"sS(s=50,S=60)",42,4295.406,0.5332186815100887,0.98,1200.5710000000001,1233.396
S3,"sS(s=50,S=65)",42,4232.698,0.5610094780319762,1.0,1187.5574000000001,1220.584
S3,"sS(s=50,S=70)",42,4179.923000000001,0.5866912729296963,0.98,1177.8852,1211.3370000000002
S3,"sS(s=50,S=75)",42,4140.853,0.6086009913834352,1.0,1170.4594,1205.299
S3,"sS(s=50,S=80)",42,4107.964,0.6297397916887819,0.94,1161.3084,1195.084
S3,"sS(s=50,S=85)",42,4086.633,0.6476130375477672,0.9,1161.3011999999999,1197.557
S3,"sS(s=50,S=90)",42,4070.5190000000002,0.6638259706609001,0.88,1155.6936,1190.633
S3,"sS(s=50,S=95)",42,4069.7610000000004,0.6777957937245113,0.82,1161.9724,1201.527
S3,"sS(s=55,S=100)",42,4066.948,0.6926086000933067,0.84,1158.8336,1198.993
S3,"sS(s=55,S=60)",42,4294.474,0.5336250687525101,0.98,1200.2494,1233.084
S3,"sS(s=55,S=65)",42,4228.046,0.562550386501477,0.96,1186.9224000000002,1220.191
S3,"sS(s=55,S=70)",42,4175.256,0.5884401469623752,0.96,1176.128,1209.483
S3,"sS(s=55,S=75)",42,4133.214,0.6118952281910085,0.98,1167.8486,1202.644
S3,"sS(s=55,S=80)",42,4099.585,0.632804216400177,0.92,1157.9308,1191.715
S3,"sS(s=55,S=85)",42,4076.5660000000003,0.6510957988804623,0.86,1153.2382,1188.565
S3,"sS(s=55,S=90)",42,4060.815,0.6672790009692396,0.86,1154.3814,1190.218
S3,"sS(s=55,S=95)",42,4059.5510000000004,0.6813150717254614,0.82,1158.1308,1197.0990000000002
S3,"sS(s=60,S=100)",42,4046.1760000000004,0.69883452340534,0.8,1154.0188,1194.271
S3,"sS(s=60,S=65)",42,4226.383000000001,0.5631531554601903,0.96,1187.0406,1220.519
S3,"sS(s=60,S=70)",42,4170.985,0.5898635638824112,0.96,1174.9638,1208.7220000000002
S3,"sS(s=60,S=75)",42,4128.252,0.6136119237316371,0.98,1164.1717999999998,1197.8190000000002
S3,"sS(s=60,S=80)",42,4094.975,0.6343842313132962,0.92,1155.3888,1189.0330000000001
S3,"sS(s=60,S=85)",42,4067.541,0.6543880259103667,0.86,1149.326,1183.473
S3,"sS(s=60,S=90)",42,4054.53,0.6702413874838704,0.86,1151.7197999999999,1187.5690000000002
S3,"sS(s=60,S=95)",42,4052.1010000000006,0.6841180439607399,0.82,1154.1345999999999,1192.223
S3,"sS(s=65,S=100)",42,4041.889,0.7010118694181392,0.78,1152.8084,1192.111
S3,"sS(s=65,S=70)",42,4168.967000000001,0.5905496765494438,0.96,1174.226,1207.886
S3,"sS(s=65,S=75)",42,4123.27,0.6151372480185682,0.92,1162.6516000000001,1196.083
S3,"sS(s=65,S=80)",42,4087.4770000000003,0.6371898742526736,0.9,1153.2730000000001,1186.895
S3,"sS(s=65,S=85)",42,4063.252,0.6562538922534854,0.86,1148.9996,1182.788
S3,"sS(s=65,S=90)",42,4046.1940000000004,0.6730964086010044,0.86,1146.0558,1180.909
S3,"sS(s=65,S=95)",42,4040.06,0.6882109999276357,0.8,1148.2692,1185.34
S3,"sS(s=70,S=100)",42,4032.324,0.7045550590864714,0.78,1147.4278,1186.481
S3,"sS(s=70,S=75)",42,4120.706,0.6160309499354102,0.92,1162.0762,1195.659
S3,"sS(s=70,S=80)",42,4083.369,0.638682245085772,0.88,1152.2896,1185.575
S3,"sS(s=70,S=85)",42,4059.9130000000005,0.6576321142006711,0.86,1147.5711999999999,1181.159
S3,"sS(s=70,S=90)",42,4040.759,0.6752409249611577,0.84,1145.2205999999999,1179.904
S3,"sS(s=70,S=95)",42,4034.9060000000004,0.6903032958265388,0.8,1146.0798,1182.8590000000002
S3,"sS(s=75,S=100)",42,4029.18,0.7055577470161539,0.8,1146.123,1184.157
S3,"sS(s=75,S=80)",42,4082.239,0.6391314691083992,0.88,1151.2998,1184.248
S3,"sS(s=75,S=85)",42,4055.8010000000004,0.6590428248241483,0.86,1145.9376000000002,1179.3770000000002
S3,"sS(s=75,S=90)",42,4034.884,0.6772047103037476,0.84,1144.1382,1178.5810000000001
S3,"sS(s=75,S=95)",42,4031.528,0.6919265297833259,0.8,1143.6224,1180.313
S3,"sS(s=80,S=100)",42,4024.027,0.7078009218069826,0.76,1143.0534,1180.226
S3,"sS(s=80,S=85)",42,4053.465,0.6598593016129709,0.86,1145.2064,1178.529
S3,"sS(s=80,S=90)",42,4034.14,0.6777395778716269,0.84,1143.5382,1177.787
S3,"sS(s=80,S=95)",42,4026.7090000000003,0.6934795315460903,0.8,1143.6174,1180.046
S3,"sS(s=85,S=100)",42,4019.6,0.709376735452295,0.78,1140.8698,1177.855
S3,"sS(s=85,S=90)",42,4032.5710000000004,0.6783559402661554,0.84,1143.0539999999999,1177.28
S3,"sS(s=85,S=95)",42,4023.875,0.6945111210901217,0.8,1143.2678,1179.978
S3,"sS(s=90,S=100)",42,4019.1620000000003,0.7099511002515905,0.78,1140.5464,1177.357
S3,"sS(s=90,S=95)",42,4021.258,0.695392873310158,0.8,1142.3596,1178.78
