scenario,seed,episode,service_level,total_cost,scri_viol
S3,2,0,0.1360794409709452,5505.3,0
S3,2,1,0.1423785594639866,4818.1,0
S3,2,2,0.13338891204668613,4871.3,0
S3,2,3,0.12280058651026393,5585.1,1
S3,2,4,0.14665623777864686,5193.900000000001,2
S3,2,5,0.1076187222412026,6054.900000000001,2
S3,2,6,0.1115896632732968,5264.3,0
S3,2,7,0.12026883622214361,5830.900000000001,4
S3,2,8,0.11769172361427487,5416.55,0
S3,2,9,0.12606599925843529,5493.650000000001,0
S3,2,10,0.15034836817015035,5502.900000000001,1
S3,2,11,0.11724137931034483,5949.500000000001,0
S3,2,12,0.1424172440338722,5254.1,0
S3,2,13,0.1148705096073517,4904.3,0
S3,2,14,0.12484897301651228,5090.1,1
S3,2,15,0.1304801670146138,5840.3,0
S3,2,16,0.1203416149068323,5318.700000000001,3
S3,2,17,0.09670851713607058,6128.900000000001,0
S3,2,18,0.13513513513513514,5608.1,3
S3,2,19,0.10503369005152596,5200.1,0
S3,2,20,0.1306497175141243,5773.900000000001,0
S3,2,21,0.14817629179331307,5335.900000000001,2
S3,2,22,0.1267019667170953,5403.3,1
S3,2,23,0.14169254658385094,5220.700000000001,0
S3,2,24,0.12603461249059444,5413.1,0
S3,2,25,0.1169906407487401,5707.1,0
S3,2,26,0.12537993920972645,5393.900000000001,1
S3,2,27,0.1477920227920228,5647.1,0
S3,2,28,0.15718562874251496,5356.900000000001,0
S3,2,29,0.15259611573523582,5056.1,0
S3,2,30,0.12235208181154127,5599.1,0
S3,2,31,0.10823278921220723,5879.1,5
S3,2,32,0.1106816584680253,5870.700000000001,0
S3,2,33,0.1539855072463768,4432.1,0
S3,2,34,0.13857677902621723,5430.75,1
S3,2,35,0.14136904761904762,5455.1,0
S3,2,36,0.12327773749093546,5627.1,0
S3,2,37,0.1913477537437604,4704.3,0
S3,2,38,0.1698933227973133,5026.450000000001,0
S3,2,39,0.10664335664335664,5974.5,4
S3,2,40,0.13899184581171237,5453.1,0
S3,2,41,0.13253012048192772,5052.0,0
S3,2,42,0.14376400298730396,5449.1,3
S3,2,43,0.13157894736842105,5104.1,0
S3,2,44,0.15625,4875.900000000001,0
S3,2,45,0.1524730383042023,5411.3,0
S3,2,46,0.11998426435877262,5213.900000000001,0
S3,2,47,0.1372696502444528,5399.3,0
S3,2,48,0.13013698630136986,5940.500000000001,0
S3,2,49,0.14167862266857964,5657.1,0
S3,2,50,0.121464829586657,5643.1,0
S3,2,51,0.15822784810126583,5059.1,0
S3,2,52,0.1614142966948501,5220.900000000001,1
S3,2,53,0.1429081814933905,5678.3,1
S3,2,54,0.11342506507995537,5602.3,5
S3,2,55,0.16652960526315788,4890.150000000001,3
S3,2,56,0.1366877971473851,5151.3,2
S3,2,57,0.14364423455332545,5119.700000000001,0
S3,2,58,0.12785543811796796,5990.1,0
S3,2,59,0.14084507042253522,5625.3,0
S3,2,60,0.1497504159733777,4824.3,0
S3,2,61,0.15029709891646278,5760.700000000001,0
S3,2,62,0.13652482269503546,5729.5,0
S3,2,63,0.1705290773939659,4551.900000000001,0
S3,2,64,0.15643332029722332,5142.900000000001,2
S3,2,65,0.1284758887715593,5799.700000000001,0
S3,2,66,0.173053152039555,4817.900000000001,0
S3,2,67,0.14269406392694065,5327.1,0
S3,2,68,0.14522821576763487,4862.5,1
S3,2,69,0.12593984962406016,5443.5,2
S3,2,70,0.17722023098367184,4957.700000000001,0
S3,2,71,0.155902004454343,5390.3,0
S3,2,72,0.13074204946996468,5766.500000000001,1
S3,2,73,0.14644351464435146,5294.3,0
S3,2,74,0.13403263403263405,5221.3,0
S3,2,75,0.14456089627755692,5589.900000000001,0
S3,2,76,0.15318146111547526,5139.700000000001,0
S3,2,77,0.13138686131386862,5586.5,1
S3,2,78,0.15345765345765347,5169.3,1
S3,2,79,0.12330235882773409,5774.1,2
S3,2,80,0.13995398773006135,5328.1,1
S3,2,81,0.13830195927775643,5350.1,5
S3,2,82,0.17660910518053374,5046.1,1
S3,2,83,0.14239218877135884,5003.1,3
S3,2,84,0.16853932584269662,4647.3,3
S3,2,85,0.12726571538758194,5296.1,0
S3,2,86,0.14015289406625409,5590.900000000001,2
S3,2,87,0.12427184466019417,5317.5,4
S3,2,88,0.15755161173487867,5524.700000000001,0
S3,2,89,0.15093618647306076,5265.900000000001,0
S3,2,90,0.11292564280750521,6012.1,6
S3,2,91,0.1401541695865452,5766.3,0
S3,2,92,0.14678899082568808,5532.5,2
S3,2,93,0.16308243727598568,5643.5,3
S3,2,94,0.16991218022145857,5205.3,0
S3,2,95,0.1419841840402588,5653.900000000001,0
S3,2,96,0.19312475859405176,5106.55,2
S3,2,97,0.13627254509018036,5092.5,0
S3,2,98,0.11350949013770004,5609.900000000001,5
S3,2,99,0.16234887737478412,5861.500000000001,5
S3,2,100,0.16037063435495366,5620.700000000001,0
S3,2,101,0.14568158168574402,5826.1,0
S3,2,102,0.17344274524431183,5327.700000000001,0
S3,2,103,0.17647058823529413,4918.5,2
S3,2,104,0.1426962072850169,5411.1,1
S3,2,105,0.19569471624266144,4998.5,0
S3,2,106,0.1414027149321267,5356.900000000001,0
S3,2,107,0.16601907453196751,5646.700000000001,0
S3,2,108,0.12467913458012468,5583.900000000001,0
S3,2,109,0.17255892255892255,4728.950000000001,1
S3,2,110,0.15685583362707084,5691.900000000001,1
S3,2,111,0.1683800070896845,5623.700000000001,0
S3,2,112,0.16051364365971107,5011.900000000001,1
S3,2,113,0.15436746987951808,5393.700000000001,5
S3,2,114,0.17014694508894046,5161.700000000001,1
S3,2,115,0.14169254658385094,5216.700000000001,0
S3,2,116,0.18666666666666668,5154.500000000001,0
S3,2,117,0.16326530612244897,5393.5,1
S3,2,118,0.13997395833333334,6209.900000000001,0
S3,2,119,0.16082474226804125,4873.5,3
S3,2,120,0.11806797853309481,5740.5,0
S3,2,121,0.17398181099248716,5066.3,3
S3,2,122,0.18710633567988144,5299.3,0
S3,2,123,0.17543859649122806,4993.1,2
S3,2,124,0.12798922196025597,6127.3,2
S3,2,125,0.16079039132119333,5180.700000000001,1
S3,2,126,0.18,4962.5,0
S3,2,127,0.14196165191740412,5554.900000000001,6
S3,2,128,0.17599110781771027,5335.3,0
S3,2,129,0.13791763791763792,5250.3,2
S3,2,130,0.1767478397486253,5065.700000000001,1
S3,2,131,0.17087931648273408,5608.3,1
S3,2,132,0.18771998435666798,5059.900000000001,3
S3,2,133,0.13972408914043155,5730.900000000001,1
S3,2,134,0.15802556818181818,5675.700000000001,3
S3,2,135,0.15934065934065933,5451.500000000001,0
S3,2,136,0.13039117352056168,6079.700000000001,0
S3,2,137,0.18864255153636716,5061.700000000001,0
S3,2,138,0.15324305060584462,5642.700000000001,1
S3,2,139,0.1510892480674631,5752.700000000001,0
S3,2,140,0.15894293374186136,5213.700000000001,0
S3,2,141,0.1207464324917673,5729.1,9
S3,2,142,0.1843774781919112,4982.900000000001,1
S3,2,143,0.1625415589213151,5394.900000000001,0
S3,2,144,0.14751552795031056,5211.700000000001,1
S3,2,145,0.17471535139379663,5062.900000000001,1
S3,2,146,0.15525626636737747,5388.1,1
S3,2,147,0.16822429906542055,5332.5,0
S3,2,148,0.17163334590720483,5277.700000000001,0
S3,2,149,0.16894457099468488,5266.05,1
S3,2,150,0.15018315018315018,5501.5,0
S3,2,151,0.1740627390971691,5185.3,1
S3,2,152,0.15916575192096596,5478.1,0
S3,2,153,0.1583873290136789,5588.1,1
S3,2,154,0.14925373134328357,5976.1,3
S3,2,155,0.15228426395939088,5619.1,6
S3,2,156,0.16574585635359115,5457.5,1
S3,2,157,0.19477828429341068,4745.1,1
S3,2,158,0.16884531590413943,5502.3,2
S3,2,159,0.1985981308411215,5025.1,0
S3,2,160,0.15724447772369898,5369.700000000001,2
S3,2,161,0.16594032852832719,5956.1,0
S3,2,162,0.16524701873935263,5881.5,3
S3,2,163,0.1423994304022784,5687.3,0
S3,2,164,0.1674364896073903,5181.1,0
S3,2,165,0.14204545454545456,5702.700000000001,0
S3,2,166,0.17814726840855108,4984.700000000001,0
S3,2,167,0.16390423572744015,5426.5,0
S3,2,168,0.13040238450074515,5511.3,3
S3,2,169,0.18092105263157895,4826.900000000001,1
S3,2,170,0.16889238020424194,5097.700000000001,0
S3,2,171,0.13070692194403535,5584.700000000001,3
S3,2,172,0.1950426655830963,4817.450000000001,0
S3,2,173,0.17049666419570053,5356.1,0
S3,2,174,0.15521523178807947,4847.700000000001,0
S3,2,175,0.21437078205637158,4871.3,0
S3,2,176,0.17424242424242425,5224.25,0
S3,2,177,0.15419265419265418,5792.700000000001,0
S3,2,178,0.176056338028169,5367.1,2
S3,2,179,0.15074525745257453,5937.900000000001,0
S3,2,180,0.11827219746314707,6029.900000000001,3
S3,2,181,0.18437385907265424,5387.3,0
S3,2,182,0.15452930728241562,5671.5,1
S3,2,183,0.1926070038910506,5027.5,0
S3,2,184,0.1904570970328789,4926.3,2
S3,2,185,0.16877637130801687,5248.900000000001,4
S3,2,186,0.1481358189081225,6042.3,0
S3,2,187,0.17927501970055162,5005.1,0
S3,2,188,0.15657620041753653,5770.3,0
S3,2,189,0.11959198030249736,5844.1,0
S3,2,190,0.17368205966489578,4873.900000000001,1
S3,2,191,0.17508293402137856,5416.1,2
S3,2,192,0.19117647058823528,4711.0,1
S3,2,193,0.16988416988416988,5174.5,1
S3,2,194,0.1567453328636844,5759.3,4
S3,2,195,0.15151515151515152,5728.1,1
S3,2,196,0.15322874863188618,5540.700000000001,3
S3,2,197,0.1919191919191919,4842.75,0
S3,2,198,0.14457378895981976,5384.1,0
S3,2,199,0.17460969597370585,4899.3,3
S3,2,200,0.15168539325842698,5396.5,1
S3,2,201,0.17774989544123798,4792.7,3
S3,2,202,0.18711018711018712,4743.5,1
S3,2,203,0.2066115702479339,4931.45,0
S3,2,204,0.16085790884718498,5980.3,0
S3,2,205,0.20416333066453163,4881.1,0
S3,2,206,0.1838091513492374,5081.900000000001,1
S3,2,207,0.19230769230769232,4855.3,3
S3,2,208,0.16097750193948798,5154.1,1
S3,2,209,0.1543100390209294,5680.3,1
S3,2,210,0.1719768283852281,5500.650000000001,0
S3,2,211,0.1586433260393873,5505.900000000001,1
S3,2,212,0.1673469387755102,4865.5,0
S3,2,213,0.16940272441494936,5712.1,1
S3,2,214,0.17423014586709887,4930.85,3
S3,2,215,0.16585760517799353,4938.900000000001,0
S3,2,216,0.1688073394495413,5465.5,0
S3,2,217,0.16011955593509822,4684.900000000001,0
S3,2,218,0.15538290788013318,5445.1,0
S3,2,219,0.16905737704918034,5835.1,0
S3,2,220,0.2140159462861939,4598.1,0
S3,2,221,0.14196165191740412,5506.900000000001,0
S3,2,222,0.14928266770065918,5179.3,0
S3,2,223,0.1358515573227303,6140.1,0
S3,2,224,0.15355086372360843,5218.5,0
S3,2,225,0.18119842124147828,5492.900000000001,0
S3,2,226,0.1660377358490566,5323.5,2
S3,2,227,0.11294370742201507,5817.3,6
S3,2,228,0.15649762282091917,5089.3,3
S3,2,229,0.16117080400148204,5383.3,0
S3,2,230,0.16845329249617153,5228.900000000001,2
S3,2,231,0.19495864513588027,4981.3,0
S3,2,232,0.17979144192736426,5515.700000000001,0
S3,2,233,0.1564673157162726,5769.700000000001,0
S3,2,234,0.16786118445869483,5265.700000000001,0
S3,2,235,0.16343390804597702,5563.3,1
S3,2,236,0.1934465061192262,5014.1,2
S3,2,237,0.18172004318100035,5488.3,1
S3,2,238,0.18689710610932475,4917.1,2
S3,2,239,0.17857142857142858,5051.5,4
S3,2,240,0.128025254296738,5814.700000000001,1
S3,2,241,0.1483924154987634,4877.700000000001,0
S3,2,242,0.15173674588665448,5506.5,0
S3,2,243,0.14794889038332212,6017.3,0
S3,2,244,0.16215185043876382,5244.700000000001,1
S3,2,245,0.16987542468856173,5275.3,0
S3,2,246,0.18225039619651348,5008.3,0
S3,2,247,0.1906318082788671,5416.3,0
S3,2,248,0.21340162185232608,4562.1,0
S3,2,249,0.17049533381191673,5584.700000000001,2
S3,2,250,0.1920838183934808,5042.900000000001,0
S3,2,251,0.11376352107422603,5576.700000000001,5
S3,2,252,0.17195261750095528,5204.900000000001,0
S3,2,253,0.1591144932549291,5852.700000000001,1
S3,2,254,0.16212232866617537,5450.3,0
S3,2,255,0.17721036585365854,5222.3,0
S3,2,256,0.14575645756457564,5559.5,6
S3,2,257,0.17657657657657658,5537.5,1
S3,2,258,0.18587360594795538,5285.5,0
S3,2,259,0.1714498695490123,5338.1,0
S3,2,260,0.20408163265306123,4815.25,1
S3,2,261,0.16043723554301834,5755.700000000001,4
S3,2,262,0.13142408787759907,5244.3,3
S3,2,263,0.18154872174879585,5391.3,2
S3,2,264,0.1774076755973932,5475.900000000001,0
S3,2,265,0.16342269555637165,5444.1,0
S3,2,266,0.14993261455525606,6041.1,2
S3,2,267,0.16214177978883862,5373.400000000001,4
S3,2,268,0.18210609659540775,5072.700000000001,4
S3,2,269,0.17622797150356206,5323.900000000001,3
S3,2,270,0.1812522885389967,5421.700000000001,2
S3,2,271,0.14787752261656228,5827.3,3
S3,2,272,0.2229038854805726,4704.5,0
S3,2,273,0.19736842105263158,5094.05,0
S3,2,274,0.16771488469601678,5733.900000000001,2
S3,2,275,0.13961892247043364,6258.55,3
S3,2,276,0.18511146496815287,4963.900000000001,1
S3,2,277,0.21123872026251025,4713.1,0
S3,2,278,0.19762087490406754,5112.700000000001,0
S3,2,279,0.15625,5397.700000000001,4
S3,2,280,0.19142419601837674,5118.900000000001,0
S3,2,281,0.18489684702218762,5103.3,2
S3,2,282,0.16704204204204204,5314.3,0
S3,2,283,0.17306960821605172,5269.3,4
S3,2,284,0.1795236402417348,5550.1,0
S3,2,285,0.16300078554595443,5104.700000000001,2
S3,2,286,0.21535181236673773,4525.75,0
S3,2,287,0.14301230992034758,5636.900000000001,1
S3,2,288,0.1429618768328446,5570.1,2
S3,2,289,0.17779533781114185,5015.7,0
S3,2,290,0.13801130695044894,6117.900000000001,1
S3,2,291,0.15428776462145677,5684.900000000001,6
S3,2,292,0.1748777735990974,5297.3,1
S3,2,293,0.18271792919680244,5193.150000000001,0
S3,2,294,0.19411986430456088,5201.1,0
S3,2,295,0.1649148242116709,5491.3,0
S3,2,296,0.15630614444843693,5568.1,0
S3,2,297,0.19029126213592232,5114.0,4
S3,2,298,0.14796971782518925,5864.700000000001,0
S3,2,299,0.2058590657165479,4920.700000000001,0
S3,2,300,0.16632016632016633,5740.700000000001,0
S3,2,301,0.17125706214689265,5726.900000000001,7
S3,2,302,0.16251354279523295,5549.3,0
S3,2,303,0.1732226632984482,5487.700000000001,0
S3,2,304,0.15680056377730797,5775.1,6
S3,2,305,0.15822784810126583,5371.950000000001,0
S3,2,306,0.14061358655953252,5593.1,4
S3,2,307,0.16446048937023666,4980.1,0
S3,2,308,0.17972001513431707,5227.1,0
S3,2,309,0.160650535501785,5027.700000000001,0
S3,2,310,0.10957324106113034,5347.700000000001,0
S3,2,311,0.12780180888714118,5219.1,3
S3,2,312,0.14338235294117646,5529.500000000001,2
S3,2,313,0.18655266226195102,5127.1,3
S3,2,314,0.18665607625099284,4983.1,0
S3,2,315,0.19259818731117825,5181.1,0
S3,2,316,0.213657310431504,4633.900000000001,0
S3,2,317,0.20893076607947564,4760.700000000001,0
S3,2,318,0.17562346329469616,5686.900000000001,3
S3,2,319,0.12929507616011335,5800.1,4
S3,2,320,0.11153712094806553,5895.3,0
S3,2,321,0.1593625498007968,5517.700000000001,0
S3,2,322,0.15251745681734658,5489.700000000001,2
S3,2,323,0.10953112990007687,5379.900000000001,2
S3,2,324,0.11092715231788079,6321.500000000001,7
S3,2,325,0.1284370477568741,5642.3,0
S3,2,326,0.1981833195706028,4739.900000000001,0
S3,2,327,0.1695539992628087,5441.1,2
S3,2,328,0.18518518518518517,5147.3,0
S3,2,329,0.18063314711359404,5377.5,4
S3,2,330,0.16149461684610514,6346.1,3
S3,2,331,0.16104294478527606,5267.1,2
S3,2,332,0.18787878787878787,4905.25,2
S3,2,333,0.21280907985407377,4764.900000000001,0
S3,2,334,0.1884278644842025,5157.900000000001,0
S3,2,335,0.13090785447126826,6060.700000000001,4
S3,2,336,0.19549763033175355,4989.900000000001,2
S3,2,337,0.17891130567186905,5224.650000000001,1
S3,2,338,0.20388719512195122,5118.3,0
S3,2,339,0.19351055512118842,5046.1,1
S3,2,340,0.16153846153846155,5233.5,2
S3,2,341,0.15172654342518313,5815.900000000001,2
S3,2,342,0.15373078365204348,5392.900000000001,2
S3,2,343,0.2097750865051903,4479.150000000001,0
S3,2,344,0.1674468851278358,5572.900000000001,2
S3,2,345,0.18456375838926176,5339.900000000001,2
S3,2,346,0.17503536067892503,5595.1,0
S3,2,347,0.18055555555555555,4995.25,0
S3,2,348,0.1791776688042248,5246.700000000001,1
S3,2,349,0.15641476274165203,5779.5,3
S3,2,350,0.16135458167330677,5040.75,2
S3,2,351,0.1511042231693142,5177.700000000001,0
S3,2,352,0.1657559198542805,5500.5,0
S3,2,353,0.18001469507714915,5387.900000000001,0
S3,2,354,0.18674698795180722,4924.5,0
S3,2,355,0.1773049645390071,5311.3,0
S3,2,356,0.15783744557329463,5565.7,3
S3,2,357,0.16976411722659043,5592.35,2
S3,2,358,0.20108275328692962,5078.700000000001,2
S3,2,359,0.1772421127259837,5573.700000000001,0
S3,2,360,0.15315315315315314,5628.5,3
S3,2,361,0.18599129402453501,4963.150000000001,0
S3,2,362,0.1351858805858055,5444.1,2
S3,2,363,0.1560379918588874,5943.1,2
S3,2,364,0.16030259365994237,5553.700000000001,1
S3,2,365,0.10102865540044086,5635.900000000001,0
S3,2,366,0.09992862241256245,5815.900000000001,0
S3,2,367,0.1710066070734551,5120.1,0
S3,2,368,0.16678370786516855,5757.1,6
S3,2,369,0.18966158423205653,5292.3,0
S3,2,370,0.20425177157148813,4694.3,1
S3,2,371,0.18518518518518517,5420.900000000001,4
S3,2,372,0.20463001240181894,4695.3,0
S3,2,373,0.17104789341015483,5526.900000000001,0
S3,2,374,0.18044027426921688,5483.950000000001,0
S3,2,375,0.1631516116195782,5044.1,0
S3,2,376,0.17189835575485798,5359.950000000001,1
S3,2,377,0.17309205350118018,5102.900000000001,4
S3,2,378,0.167507204610951,5536.700000000001,0
S3,2,379,0.21446700507614214,4563.650000000001,0
S3,2,380,0.17902350813743217,5515.5,2
S3,2,381,0.16197935208259168,5644.3,3
S3,2,382,0.12125805229253506,5419.3,0
S3,2,383,0.20165646380986677,5424.900000000001,0
S3,2,384,0.1862094395280236,5385.900000000001,2
S3,2,385,0.1736111111111111,5429.700000000001,0
S3,2,386,0.1756007393715342,5432.5,4
S3,2,387,0.1878453038674033,5353.5,0
S3,2,388,0.20321931589537223,4828.75,0
S3,2,389,0.19303688383316098,5697.700000000001,0
S3,2,390,0.1917562724014337,5516.5,1
S3,2,391,0.19110764430577223,5091.3,3
S3,2,392,0.1855253490080823,5406.900000000001,2
S3,2,393,0.21114864864864866,4668.6,3
S3,2,394,0.1901651940069151,5189.1,5
S3,2,395,0.21919431279620852,4871.900000000001,0
S3,2,396,0.1926040061633282,5111.700000000001,1
S3,2,397,0.1746880570409982,5565.5,0
S3,2,398,0.21906693711967545,4762.5,0
S3,2,399,0.19097853765005457,5395.3,0
S3,2,400,0.13990905911157747,5857.3,4
S3,2,401,0.17003188097768332,5622.1,0
S3,2,402,0.20305514157973176,5218.3,0
S3,2,403,0.14625585023400936,5158.3,0
S3,2,404,0.1406601650412603,5446.700000000001,4
S3,2,405,0.1898027540007443,5281.900000000001,0
S3,2,406,0.14794007490636704,5367.5,0
S3,2,407,0.14376996805111822,5165.3,6
S3,2,408,0.13038079470198677,4974.700000000001,3
S3,2,409,0.12646627565982405,5636.1,3
S3,2,410,0.1459478021978022,5940.900000000001,3
S3,2,411,0.16029143897996356,5526.5,2
S3,2,412,0.13257575757575757,5412.5,3
S3,2,413,0.11790714812085483,5611.3,4
S3,2,414,0.15018315018315018,5501.5,0
S3,2,415,0.15982564475118052,5516.1,0
S3,2,416,0.2080989876265467,5178.900000000001,0
S3,2,417,0.2294141745186399,4675.700000000001,0
S3,2,418,0.1862014896119169,5029.700000000001,0
S3,2,419,0.1908548707753479,4959.5,0
S3,2,420,0.17472240365774003,6091.900000000001,0
S3,2,421,0.20132916340891321,4977.1,0
S3,2,422,0.15098722415795587,5208.1,2
S3,2,423,0.1682018422106528,5021.400000000001,3
S3,2,424,0.14695077149155034,5516.900000000001,1
S3,2,425,0.1829498302527348,5237.700000000001,0
S3,2,426,0.173433188805676,5040.900000000001,0
S3,2,427,0.15469613259668508,5516.5,3
S3,2,428,0.13854787793756576,5802.700000000001,1
S3,2,429,0.16086298258894777,5406.900000000001,7
S3,2,430,0.13176895306859207,5663.500000000001,0
S3,2,431,0.2096569250317662,4588.700000000001,0
S3,2,432,0.18763796909492272,5401.1,2
S3,2,433,0.1819505094614265,5421.6,0
S3,2,434,0.20875150541951024,4865.7,2
S3,2,435,0.19545793000744602,5266.700000000001,0
S3,2,436,0.16716754320060107,5376.900000000001,3
S3,2,437,0.17871326449563146,5055.1,4
S3,2,438,0.19122609673790777,5242.900000000001,0
S3,2,439,0.2118973561430793,4991.900000000001,0
S3,2,440,0.17673048600883653,5423.700000000001,1
S3,2,441,0.2089489235964542,4610.8,1
S3,2,442,0.17445917655268667,5716.700000000001,3
S3,2,443,0.16265452179570591,6187.3,3
S3,2,444,0.19402405898331393,5056.900000000001,0
S3,2,445,0.17363571934798017,5649.900000000001,2
S3,2,446,0.20809023726176584,5001.700000000001,0
S3,2,447,0.20589422688736375,4819.900000000001,0
S3,2,448,0.19622931896883417,5093.3,0
S3,2,449,0.20007479431563202,5243.3,0
S3,2,450,0.22899159663865545,4560.0,0
S3,2,451,0.17415730337078653,5339.5,3
S3,2,452,0.1500732064421669,5490.900000000001,0
S3,2,453,0.14570552147239263,5320.1,3
S3,2,454,0.2157311951126384,5051.3,0
S3,2,455,0.2017234625930278,4999.1,1
S3,2,456,0.178117048346056,5486.700000000001,2
S3,2,457,0.16224188790560473,5515.900000000001,6
S3,2,458,0.18761726078799248,5266.75,2
S3,2,459,0.18538516918646508,5503.1,2
S3,2,460,0.20874359984245766,4957.3,0
S3,2,461,0.18984889577683067,5079.200000000001,0
S3,2,462,0.2135523613963039,4737.5,1
S3,2,463,0.17266187050359713,5551.5,0
S3,2,464,0.1744406522563519,5281.900000000001,1
S3,2,465,0.17989614243323443,5426.700000000001,5
S3,2,466,0.1912568306010929,5737.1,0
S3,2,467,0.19430051813471502,5298.900000000001,1
S3,2,468,0.18915969443433975,5455.3,4
S3,2,469,0.1787538304392237,5798.900000000001,0
S3,2,470,0.17757009345794392,5302.5,0
S3,2,471,0.21394611727416799,4872.3,0
S3,2,472,0.14025777103866566,5393.1,2
S3,2,473,0.1870748299319728,5779.5,0
S3,2,474,0.2141109298531811,4827.900000000001,4
S3,2,475,0.18310369833212473,5466.1,1
S3,2,476,0.20566037735849058,5143.5,0
S3,2,477,0.18914473684210525,4840.900000000001,3
S3,2,478,0.17970401691331925,5619.1,0
S3,2,479,0.18815201192250372,5286.3,0
S3,2,480,0.15365952284674483,5036.1,4
S3,2,481,0.14559780746831105,5920.3,1
S3,2,482,0.14568546880836758,5485.900000000001,5
S3,2,483,0.16169154228855723,4805.900000000001,0
S3,2,484,0.10703918722786647,5701.700000000001,0
S3,2,485,0.1511969760604788,4905.450000000001,8
S3,2,486,0.1382937280872614,5241.900000000001,3
S3,2,487,0.12721238938053098,5625.900000000001,6
S3,2,488,0.10968229954614221,5436.3,0
S3,2,489,0.1617149304249718,5386.8,4
S3,2,490,0.18482864844050828,5149.150000000001,1
S3,2,491,0.17266448564158487,5593.700000000001,9
S3,2,492,0.17745302713987474,5749.3,3
S3,2,493,0.17817781043350478,5403.900000000001,0
S3,2,494,0.16563523844193667,5613.900000000001,9
S3,2,495,0.16704204204204204,5378.3,4
S3,2,496,0.1862123613312203,4997.55,1
S3,2,497,0.18686502177068215,5457.700000000001,1
S3,2,498,0.17303889255108768,6032.3,0
S3,2,499,0.19744264761188415,5268.3,5
S3,2,500,0.17988252569750368,5417.05,0
S3,2,501,0.19604111153406928,5168.900000000001,0
S3,2,502,0.16399162595952546,5733.700000000001,0
S3,2,503,0.1855507303592578,4996.1,0
S3,2,504,0.141643059490085,5750.3,0
S3,2,505,0.15477057538237438,5587.700000000001,5
S3,2,506,0.12755958375293722,6085.3,0
S3,2,507,0.18912963643040764,5355.1,0
S3,2,508,0.19070105339629495,5394.1,0
S3,2,509,0.1422610015174507,5321.700000000001,0
S3,2,510,0.14518695306284804,5080.3,0
S3,2,511,0.18055555555555555,4269.5,1
S3,2,512,0.13674884437596302,5292.700000000001,0
S3,2,513,0.16602316602316602,5174.5,0
S3,2,514,0.17773788150807898,5585.500000000001,5
S3,2,515,0.18141742963716515,5813.3,0
S3,2,516,0.19454545454545455,5395.5,0
S3,2,517,0.15157722244981564,4913.700000000001,0
S3,2,518,0.10453579021970234,5870.900000000001,2
S3,2,519,0.11389096340552651,5544.1,3
S3,2,520,0.15052593398621691,5544.900000000001,0
S3,2,521,0.18366549433372412,5068.55,2
S3,2,522,0.14673105497771174,5525.150000000001,6
S3,2,523,0.1449814126394052,5417.5,0
S3,2,524,0.12962256957682045,5365.35,0
S3,2,525,0.1418194396402629,5835.700000000001,0
S3,2,526,0.10702215546376267,5494.1,0
S3,2,527,0.13703570140641905,5627.1,0
S3,2,528,0.15410323059784628,5481.1,6
S3,2,529,0.11976047904191617,5157.5,3
S3,2,530,0.14831369362047947,5077.700000000001,8
S3,2,531,0.1049204052098408,5725.3,0
S3,2,532,0.13303769401330376,5548.700000000001,3
S3,2,533,0.13172751223184043,5392.900000000001,0
S3,2,534,0.16910069177555725,5225.900000000001,4
S3,2,535,0.18395234758234058,5637.3,1
S3,2,536,0.17989614243323443,5362.700000000001,2
S3,2,537,0.21800565199838515,4775.150000000001,0
S3,2,538,0.19223859144807762,5468.1,0
S3,2,539,0.20888219796763266,5166.900000000001,0
S3,2,540,0.1592851592851593,5198.3,2
S3,2,541,0.1460546282245827,5309.700000000001,0
S3,2,542,0.12655906089508437,5643.700000000001,5
S3,2,543,0.1594896331738437,5080.1,3
S3,2,544,0.1917808219178082,5018.000000000001,0
S3,2,545,0.20408163265306123,4394.3,0
S3,2,546,0.17483846446218168,5223.700000000001,0
S3,2,547,0.14689265536723164,5350.5,0
S3,2,548,0.16500383729854182,5184.700000000001,0
S3,2,549,0.1724137931034483,4996.1,0
S3,2,550,0.11669303797468354,5185.1,0
S3,2,551,0.159985935302391,5683.3,0
S3,2,552,0.15783744557329463,5513.700000000001,0
S3,2,553,0.13368055555555555,5861.5,0
S3,2,554,0.20833333333333334,5021.900000000001,0
S3,2,555,0.22997620935765264,4821.150000000001,0
S3,2,556,0.18211920529801323,5439.1,3
S3,2,557,0.19667477696674776,4810.700000000001,0
S3,2,558,0.1907032181168057,5021.900000000001,4
S3,2,559,0.1904570970328789,4927.3,3
S3,2,560,0.14743356388787768,5577.900000000001,3
S3,2,561,0.17591868647380765,5055.1,0
S3,2,562,0.18096787311915413,4909.8,4
S3,2,563,0.2089783281733746,5080.3,4
S3,2,564,0.2025931928687196,4837.1,0
S3,2,565,0.17304860088365243,5527.700000000001,9
S3,2,566,0.1864883884588318,5616.900000000001,1
S3,2,567,0.1762114537444934,5439.3,0
S3,2,568,0.18049155145929338,5198.3,2
S3,2,569,0.17932896259159276,5163.1,1
S3,2,570,0.1887152115897827,5197.1,1
S3,2,571,0.19794140934283452,4964.7,0
S3,2,572,0.19343065693430658,5379.5,0
S3,2,573,0.20552799433026223,5499.900000000001,0
S3,2,574,0.2029664324746292,4996.900000000001,1
S3,2,575,0.19230769230769232,5151.700000000001,1
S3,2,576,0.20097670924117206,5194.900000000001,1
S3,2,577,0.18925056775170326,5240.400000000001,0
S3,2,578,0.19775036284470246,5396.700000000001,0
S3,2,579,0.1944954128440367,5352.250000000001,1
S3,2,580,0.22271714922049,5174.3,0
S3,2,581,0.2181271154569387,5141.3,0
S3,2,582,0.2105666156202144,5106.900000000001,1
S3,2,583,0.2118030412744388,5361.900000000001,0
S3,2,584,0.18205892088712347,5974.450000000001,0
S3,2,585,0.20156774916013437,5254.3,1
S3,2,586,0.20182034032449545,4960.900000000001,2
S3,2,587,0.19954819277108435,5215.700000000001,1
S3,2,588,0.19523986612123467,5273.3,0
S3,2,589,0.1906318082788671,5413.3,1
S3,2,590,0.1869328493647913,5447.5,1
S3,2,591,0.17550274223034734,5448.5,0
S3,2,592,0.17006802721088435,5024.8,3
S3,2,593,0.19128586609989373,5591.1,1
S3,2,594,0.18603885413236748,5970.900000000001,0
S3,2,595,0.1782242384964355,6116.700000000001,0
S3,2,596,0.18925518925518925,4834.900000000001,0
S3,2,597,0.15971439308530627,5431.700000000001,4
S3,2,598,0.19143290371493557,5187.1,0
S3,2,599,0.18231046931407943,5489.5,2
S3,2,600,0.2042840142800476,4915.700000000001,0
S3,2,601,0.18665607625099284,5016.1,2
S3,2,602,0.17536534446764093,4850.5,6
S3,2,603,0.14617691154422788,5402.1,1
S3,2,604,0.13518659558263518,5385.700000000001,3
S3,2,605,0.15708812260536398,5260.5,2
S3,2,606,0.1380198748619801,5531.900000000001,1
S3,2,607,0.19188596491228072,5361.700000000001,0
S3,2,608,0.12026813880126183,5215.700000000001,0
S3,2,609,0.15829046299960428,5046.900000000001,0
S3,2,610,0.08247800586510264,5768.1,5
S3,2,611,0.16402506450423884,5407.1,0
S3,2,612,0.11420413990007137,5798.900000000001,2
S3,2,613,0.1444972288202692,5096.700000000001,0
S3,2,614,0.10698762955533267,6233.700000000001,2
S3,2,615,0.1787819253438114,5062.5,2
S3,2,616,0.19968366943455912,4945.3,0
S3,2,617,0.18448079117535185,5193.3,0
S3,2,618,0.2002164502164502,5419.900000000001,0
S3,2,619,0.19962686567164178,5238.500000000001,1
S3,2,620,0.2055052790346908,5185.900000000001,2
S3,2,621,0.16964285714285715,5627.5,2
S3,2,622,0.21702838063439064,4634.700000000001,0
S3,2,623,0.18689859363434494,5325.900000000001,0
S3,2,624,0.20766129032258066,4855.5,2
S3,2,625,0.21790341578327443,4924.900000000001,0
S3,2,626,0.19596429957314707,5050.900000000001,0
S3,2,627,0.19751280175566935,5354.3,0
S3,2,628,0.1825452016689847,5705.950000000001,1
S3,2,629,0.19923371647509577,5138.5,1
S3,2,630,0.19720767888307156,5592.5,0
S3,2,631,0.21085513471300274,5018.200000000001,0
S3,2,632,0.20291568163908588,4970.1,1
S3,2,633,0.19528228924980665,5096.700000000001,2
S3,2,634,0.1866368047779022,5358.3,6
S3,2,635,0.17123287671232876,5811.500000000001,0
S3,2,636,0.197178002894356,5443.3,2
S3,2,637,0.21601489757914338,5240.5,2
S3,2,638,0.20682148040638607,5379.700000000001,1
S3,2,639,0.19751280175566935,5389.3,0
S3,2,640,0.19711902956785443,5171.1,0
S3,2,641,0.23265142398716407,4806.1,2
S3,2,642,0.20092460881934565,5495.900000000001,0
S3,2,643,0.204241948153967,4985.950000000001,0
S3,2,644,0.2206783816918676,4722.900000000001,0
S3,2,645,0.15899864682002707,6071.700000000001,10
S3,2,646,0.22118742724097787,4952.900000000001,0
S3,2,647,0.18972059330803726,5710.3,1
S3,2,648,0.22252855454903506,4933.3,2
S3,2,649,0.20694493160294633,5571.700000000001,0
S3,2,650,0.2100371747211896,5212.5,0
S3,2,651,0.1845216768183447,5510.700000000001,1
S3,2,652,0.13285024154589373,5911.1,2
S3,2,653,0.13565891472868216,5749.1,0
S3,2,654,0.11448948948948949,5514.3,3
S3,2,655,0.15658362989323843,5661.5,2
S3,2,656,0.10115102895012208,6069.900000000001,11
S3,2,657,0.09312320916905444,5797.900000000001,0
S3,2,658,0.17965280581348406,4999.900000000001,6
S3,2,659,0.11395511921458626,5856.900000000001,0
S3,2,660,0.12951477562933236,5611.700000000001,0
S3,2,661,0.20646669263731982,5008.150000000001,0
S3,2,662,0.23357387011014052,5022.1,0
S3,2,663,0.19339957416607523,5558.1,1
S3,2,664,0.1785028790786948,5198.5,2
S3,2,665,0.23233112065599376,4917.700000000001,2
S3,2,666,0.1835035944003027,5328.1,8
S3,2,667,0.19487359550561797,5587.1,0
S3,2,668,0.12798634812286688,4784.3,0
S3,2,669,0.18649391440910876,5000.900000000001,0
S3,2,670,0.22803738317757008,5140.5,0
S3,2,671,0.20622725434694703,4806.35,0
S3,2,672,0.15308151093439365,5067.5,0
S3,2,673,0.1281163434903047,5928.1,3
S3,2,674,0.14520443255636226,5382.900000000001,6
S3,2,675,0.11818181818181818,5687.500000000001,0
S3,2,676,0.16376870198139912,4988.1,3
S3,2,677,0.14955537590945836,4971.3,0
S3,2,678,0.18129770992366412,5182.0,0
S3,2,679,0.22444889779559118,4784.5,0
S3,2,680,0.21260146888287593,4998.900000000001,0
S3,2,681,0.19001919385796545,5133.5,1
S3,2,682,0.18789928598271327,5255.700000000001,2
S3,2,683,0.17570664629488159,5217.1,1
S3,2,684,0.16463414634146342,4983.5,5
S3,2,685,0.20192663949610967,5251.3,0
S3,2,686,0.19940915805022155,5306.35,1
S3,2,687,0.14516661167931375,6112.700000000001,0
S3,2,688,0.09988901220865705,5664.1,4
S3,2,689,0.08384146341463415,5525.3,3
S3,2,690,0.10784313725490197,5312.5,3
S3,2,691,0.11254019292604502,5767.3,0
S3,2,692,0.13816019587268275,5903.3,8
S3,2,693,0.18338727076591155,5533.700000000001,4
S3,2,694,0.22801972062448644,4691.3,0
S3,2,695,0.14861294583883752,6144.1,0
S3,2,696,0.11878247958426132,5525.3,0
S3,2,697,0.12958963282937366,5685.1,2
S3,2,698,0.1026287360460929,5749.900000000001,0
S3,2,699,0.19636824324324326,4647.85,0
S3,2,700,0.13462849352419903,5983.3,0
S3,2,701,0.14469453376205788,5649.3,0
S3,2,702,0.15772224498156492,4875.700000000001,0
S3,2,703,0.192458758837392,5020.700000000001,0
S3,2,704,0.18383761011106856,5179.700000000001,2
S3,2,705,0.2145561632309634,4654.900000000001,2
S3,2,706,0.20043731778425655,5364.3,0
S3,2,707,0.16896551724137931,5878.5,5
S3,2,708,0.19514137793707687,4923.700000000001,0
S3,2,709,0.1817520901490367,5496.700000000001,5
S3,2,710,0.1486784140969163,5539.3,1
S3,2,711,0.14285714285714285,5524.5,4
S3,2,712,0.15185601799775028,5423.900000000001,5
S3,2,713,0.1603346113628442,5747.3,0
S3,2,714,0.2089723926380368,5082.1,1
S3,2,715,0.18193847171683758,5958.1,0
S3,2,716,0.17919750681729646,5102.900000000001,0
S3,2,717,0.18281535648994515,5441.5,3
S3,2,718,0.15618898867629832,5141.700000000001,0
S3,2,719,0.19353551476456504,4941.950000000001,0
S3,2,720,0.20408163265306123,4962.3,5
S3,2,721,0.1946282600233554,5079.3,0
S3,2,722,0.1791651274473587,5366.900000000001,0
S3,2,723,0.14574759945130317,5942.700000000001,2
S3,2,724,0.17437591776798825,5430.3,0
S3,2,725,0.22153128643606684,4995.1,3
S3,2,726,0.2054794520547945,5416.3,2
S3,2,727,0.20118343195266272,4952.5,0
S3,2,728,0.19339091250469395,5286.1,2
S3,2,729,0.19992859692966797,5477.700000000001,0
S3,2,730,0.1874310915104741,5361.700000000001,0
S3,2,731,0.19752593774940144,4906.700000000001,0
S3,2,732,0.19281663516068054,5207.5,1
S3,2,733,0.19679021780664885,5144.900000000001,2
S3,2,734,0.16835016835016836,5348.1,0
S3,2,735,0.16626255628680292,5782.900000000001,0
S3,2,736,0.13733285146367907,5691.900000000001,5
S3,2,737,0.1495398773006135,5291.1,2
S3,2,738,0.12209080503624571,5364.700000000001,0
S3,2,739,0.13991449669646328,5216.1,0
S3,2,740,0.1592356687898089,5082.150000000001,3
S3,2,741,0.19179642992783896,5169.1,0
S3,2,742,0.2032690695725063,4687.950000000001,1
S3,2,743,0.18201284796573874,5585.900000000001,3
S3,2,744,0.20472150497971228,5337.700000000001,3
S3,2,745,0.15965166908563136,5525.700000000001,1
S3,2,746,0.15607156452226875,5271.900000000001,1
S3,2,747,0.14849692140528795,5549.700000000001,0
S3,2,748,0.20135566188197768,4912.1,1
S3,2,749,0.2041184971098266,5383.1,0
S3,2,750,0.19807923169267708,4929.3,2
S3,2,751,0.19548872180451127,5216.75,0
S3,2,752,0.20965189873417722,4893.1,0
S3,2,753,0.19446672012830793,4912.3,0
S3,2,754,0.1726698848867434,5406.85,1
S3,2,755,0.21369137670196672,5161.3,3
S3,2,756,0.23182957393483708,4598.3,0
S3,2,757,0.18265756724207147,5028.700000000001,7
S3,2,758,0.18368994751715786,4870.900000000001,0
S3,2,759,0.18007662835249041,5199.5,2
S3,2,760,0.17649212742585133,5446.05,0
S3,2,761,0.1834161253343523,5206.900000000001,2
S3,2,762,0.18511593118922962,5435.3,11
S3,2,763,0.19927536231884058,5416.5,1
S3,2,764,0.22581859239744073,5132.900000000001,0
S3,2,765,0.20063920454545456,5524.700000000001,0
S3,2,766,0.22429906542056074,5132.5,0
S3,2,767,0.1988071570576541,4940.5,0
S3,2,768,0.19938650306748465,5740.3,0
S3,2,769,0.17745709828393136,5171.3,5
S3,2,770,0.19253208868144692,5091.700000000001,2
S3,2,771,0.1826647564469914,5497.900000000001,0
S3,2,772,0.20726495726495728,4573.5,0
S3,2,773,0.21856936416184972,5331.1,0
S3,2,774,0.22244094488188976,4918.0,0
S3,2,775,0.2235695339143615,5105.3,0
S3,2,776,0.187819110138585,5421.900000000001,0
S3,2,777,0.20251396648044692,5601.8,1
S3,2,778,0.21365890881343,5090.950000000001,0
S3,2,779,0.21256223669092303,5065.7,0
S3,2,780,0.2167122217883639,4968.700000000001,1
S3,2,781,0.19230769230769232,5959.700000000001,1
S3,2,782,0.17022817819630567,5606.700000000001,5
S3,2,783,0.22321428571428573,4728.3,0
S3,2,784,0.19263845889232886,5752.900000000001,2
S3,2,785,0.22915843540102726,4859.7,0
S3,2,786,0.2263056092843327,4972.5,0
S3,2,787,0.22204599524187152,4866.900000000001,0
S3,2,788,0.21650326797385622,4797.1,4
S3,2,789,0.2275449101796407,4799.75,0
S3,2,790,0.20434945631796025,5240.900000000001,4
S3,2,791,0.19268197742312185,5131.3,3
S3,2,792,0.1846590909090909,5538.700000000001,0
S3,2,793,0.17744916820702403,5391.5,3
S3,2,794,0.14927934111187371,5873.3,1
S3,2,795,0.14331780723754928,5646.700000000001,0
S3,2,796,0.1853211009174312,5384.5,1
S3,2,797,0.15106853352984526,5504.3,2
S3,2,798,0.1379671673070206,5792.1,0
S3,2,799,0.16160061562139286,5201.3,0
S3,2,800,0.16037063435495366,5637.700000000001,1
S3,2,801,0.1681448632668145,5465.700000000001,3
S3,2,802,0.2045619116582187,5366.900000000001,0
S3,2,803,0.1954771943273285,5115.3,0
S3,2,804,0.180128934395146,5261.150000000001,2
S3,2,805,0.1609403254972875,5604.500000000001,4
S3,2,806,0.16902944383860413,5481.700000000001,0
S3,2,807,0.1532258064516129,5032.500000000001,2
S3,2,808,0.17939609236234458,5575.5,1
S3,2,809,0.18035714285714285,5541.5,0
S3,2,810,0.15317286652078774,5543.900000000001,2
S3,2,811,0.18019657808518383,5440.900000000001,0
S3,2,812,0.2104411169566977,4779.700000000001,0
S3,2,813,0.15680684248039914,5612.700000000001,0
S3,2,814,0.1844879518072289,5272.7,2
S3,2,815,0.14586994727592267,5807.5,4
S3,2,816,0.1586998087954111,5227.5,0
S3,2,817,0.09632860777898945,5744.700000000001,3
S3,2,818,0.15139900344959756,5280.3,3
S3,2,819,0.1474289823804387,5598.700000000001,0
S3,2,820,0.11131725417439703,5537.25,0
S3,2,821,0.12771635531833778,5346.1,0
S3,2,822,0.08199581297976273,6037.700000000001,3
S3,2,823,0.09872824631860777,6205.1,1
S3,2,824,0.10127931769722814,5821.3,0
S3,2,825,0.12971698113207547,5168.3,0
S3,2,826,0.10215882806476484,5401.3,0
S3,2,827,0.1440922190201729,5614.700000000001,0
S3,2,828,0.1200141193081539,5873.1,5
S3,2,829,0.1705170517051705,5483.900000000001,3
S3,2,830,0.19097853765005457,5428.3,3
S3,2,831,0.19801980198019803,5216.700000000001,4
S3,2,832,0.19083969465648856,5671.900000000001,0
S3,2,833,0.16345804576825282,5562.1,2
S3,2,834,0.19100321313816493,5533.700000000001,2
S3,2,835,0.22187621642662514,4935.3,0
S3,2,836,0.17371060171919772,5620.900000000001,5
S3,2,837,0.2054794520547945,5301.700000000001,2
S3,2,838,0.20200076952674106,5097.3,2
S3,2,839,0.21241830065359477,4804.85,3
S3,2,840,0.19079685746352412,5256.1,0
S3,2,841,0.1977401129943503,5199.5,0
S3,2,842,0.18467583497053044,5062.5,4
S3,2,843,0.15875912408759124,5493.5,0
S3,2,844,0.17357001972386588,5040.5,0
S3,2,845,0.11931394481730052,5545.900000000001,2
S3,2,846,0.176777822418642,4940.3,0
S3,2,847,0.1384335154826958,5550.5,0
S3,2,848,0.1843137254901961,5056.5,0
S3,2,849,0.1851145038167939,5189.5,0
S3,2,850,0.16230366492146597,5752.5,0
S3,2,851,0.17900590893291624,5772.150000000001,6
S3,2,852,0.16323357947920716,5218.6,5
S3,2,853,0.2111111111111111,5243.5,0
S3,2,854,0.19992003198720512,4927.7,2
S3,2,855,0.1941747572815534,5255.1,0
S3,2,856,0.20229144289294665,5434.1,0
S3,2,857,0.18242448018830915,5054.3,1
S3,2,858,0.2164830991264717,5076.1,0
S3,2,859,0.16632722335369993,5886.700000000001,2
S3,2,860,0.16380952380952382,5251.5,0
S3,2,861,0.2244668911335578,5129.1,0
S3,2,862,0.14149139579349904,5321.5,2
S3,2,863,0.1715686274509804,5255.900000000001,0
S3,2,864,0.17391304347826086,5264.5,2
S3,2,865,0.15280739161336176,5683.3,2
S3,2,866,0.15601217656012176,5292.1,0
S3,2,867,0.16080777860882572,5344.55,0
S3,2,868,0.06947052196770559,5621.1,1
S3,2,869,0.04918032786885246,5913.500000000001,3
S3,2,870,0.16183035714285715,5379.1,0
S3,2,871,0.18212621770436255,4774.700000000001,9
S3,2,872,0.24756493506493507,4661.8,0
S3,2,873,0.20711143695014664,5291.1,0
S3,2,874,0.1708542713567839,5942.5,0
S3,2,875,0.20153550863723607,5089.5,1
S3,2,876,0.1884159106769016,5639.700000000001,0
S3,2,877,0.16655336505778381,5922.900000000001,3
S3,2,878,0.1879026485325698,5484.3,0
S3,2,879,0.18888888888888888,5332.5,1
S3,2,880,0.20584602717167558,4731.3,0
S3,2,881,0.19751693002257337,5224.1,3
S3,2,882,0.18153727307840864,5166.3,3
S3,2,883,0.18708083303918108,5585.1,1
S3,2,884,0.20428015564202334,5069.5,6
S3,2,885,0.19394163280384188,5332.900000000001,0
S3,2,886,0.19954389965792474,5178.7,1
S3,2,887,0.21207489491784487,5092.900000000001,2
S3,2,888,0.23891519586741283,4434.1,0
S3,2,889,0.21795345400812707,5214.900000000001,0
S3,2,890,0.21084337349397592,5153.700000000001,0
S3,2,891,0.20902090209020902,5322.900000000001,0
S3,2,892,0.2158999192897498,4817.1,0
S3,2,893,0.23522550544323484,4899.900000000001,0
S3,2,894,0.23877551020408164,4707.5,3
S3,2,895,0.18048606147248034,5590.1,1
S3,2,896,0.21333333333333335,5103.5,1
S3,2,897,0.17323121808898614,5449.900000000001,0
S3,2,898,0.1904585798816568,5332.3,2
S3,2,899,0.19187358916478556,5248.1,1
S3,2,900,0.21409108602569094,4999.3,0
S3,2,901,0.20964749536178107,5238.5,0
S3,2,902,0.20509977827050999,5300.700000000001,2
S3,2,903,0.19051176690324992,5279.900000000001,0
S3,2,904,0.20773121387283236,5367.1,0
S3,2,905,0.21442885771543085,4831.5,1
S3,2,906,0.19272727272727272,5467.5,6
S3,2,907,0.17761989342806395,5655.500000000001,3
S3,2,908,0.19971212666426771,5464.3,1
S3,2,909,0.20059992500937382,5192.900000000001,0
S3,2,910,0.1846640872317974,5632.1,0
S3,2,911,0.20454545454545456,5164.5,1
S3,2,912,0.211864406779661,5058.700000000001,0
S3,2,913,0.21358828315703823,4798.1,1
S3,2,914,0.19845857418111754,5068.5,0
S3,2,915,0.20175789053136237,4875.1,0
S3,2,916,0.23878139151914368,4615.3,0
S3,2,917,0.22913256955810146,4712.3,0
S3,2,918,0.1985627836611195,5205.3,3
S3,2,919,0.2082572159298502,5304.900000000001,0
S3,2,920,0.2015316404675534,4913.7,2
S3,2,921,0.2033965244865719,4964.650000000001,0
S3,2,922,0.20218579234972678,5340.5,0
S3,2,923,0.2005103900838498,5382.1,0
S3,2,924,0.17465753424657535,5827.5,1
S3,2,925,0.20408163265306123,4980.3,7
S3,2,926,0.222395630120952,4983.35,2
S3,2,927,0.23543990086741015,4650.700000000001,0
S3,2,928,0.23082942097026604,4944.7,2
S3,2,929,0.1912660798916723,5866.3,2
S3,2,930,0.20756796473181485,5325.900000000001,1
S3,2,931,0.18525179856115107,5545.5,4
S3,2,932,0.24539877300613497,4937.1,0
S3,2,933,0.18415178571428573,5362.1,3
S3,2,934,0.2071455720258457,5126.700000000001,1
S3,2,935,0.2191587133262637,5447.3,0
S3,2,936,0.23207625362619147,4631.35,2
S3,2,937,0.2209737827715356,5150.5,1
S3,2,938,0.20252694165737645,5273.700000000001,0
S3,2,939,0.1457518663348738,5826.1,6
S3,2,940,0.18037518037518038,5550.900000000001,5
S3,2,941,0.24884985361773318,4574.200000000001,3
S3,2,942,0.21729776247848537,4563.3,5
S3,2,943,0.2024214907302308,5207.1,3
S3,2,944,0.1849338310145911,5836.900000000001,0
S3,2,945,0.2029096477794793,5097.900000000001,0
S3,2,946,0.17985611510791366,5570.5,3
S3,2,947,0.19639934533551553,4852.3,4
S3,2,948,0.2228198232808298,5018.1,0
S3,2,949,0.19469026548672566,5562.5,0
S3,2,950,0.1849139509337239,5389.700000000001,0
S3,2,951,0.2306805074971165,4989.700000000001,0
S3,2,952,0.22279348757497858,4568.3,4
S3,2,953,0.2137854773313675,5280.1,0
S3,2,954,0.2168861347792409,5063.900000000001,4
S3,2,955,0.21223021582733814,5375.500000000001,0
S3,2,956,0.1856946354883081,5741.1,0
S3,2,957,0.21786891248626877,5305.700000000001,2
S3,2,958,0.22208638956805216,4796.3,4
S3,2,959,0.2157456472369417,5132.900000000001,1
S3,2,960,0.22574257425742575,4871.5,1
S3,2,961,0.1807677972418934,5358.1,2
S3,2,962,0.19652974504249293,5539.3,1
S3,2,963,0.21722985518009655,5210.1,0
S3,2,964,0.17045454545454544,5471.1,2
S3,2,965,0.16989404457435148,5440.900000000001,0
S3,2,966,0.15471423370950127,5517.900000000001,1
S3,2,967,0.1800356506238859,5532.500000000001,0
S3,2,968,0.21935219352193522,4691.3,0
S3,2,969,0.19573643410852712,5133.5,4
S3,2,970,0.17184035476718404,5372.700000000001,0
S3,2,971,0.14495062121694807,6367.3,0
S3,2,972,0.15751056473300037,5217.1,0
S3,2,973,0.19509476031215162,5321.700000000001,4
S3,2,974,0.18211323476379374,5496.1,2
S3,2,975,0.1777087646652864,5742.1,1
S3,2,976,0.1252847380410023,5488.3,6
S3,2,977,0.10685210312075984,6075.1,0
S3,2,978,0.1226656902233614,5613.700000000001,0
S3,2,979,0.17589820359281438,5301.900000000001,0
S3,2,980,0.22662311147407105,4710.3,1
S3,2,981,0.18754552075746542,5479.700000000001,5
S3,2,982,0.18547442405310427,5088.700000000001,1
S3,2,983,0.20035149384885764,5582.5,0
S3,2,984,0.1995395241749808,5174.700000000001,6
S3,2,985,0.20263424518743667,5762.950000000001,0
S3,2,986,0.16189759036144577,5328.700000000001,2
S3,2,987,0.1741472172351885,5575.500000000001,3
S3,2,988,0.19718309859154928,4866.5,0
S3,2,989,0.19078473722102232,5510.1,3
S3,2,990,0.2198890649762282,4874.3,0
S3,2,991,0.20105820105820105,5540.5,0
S3,2,992,0.21814671814671815,4987.5,0
S3,2,993,0.15188979159307664,5699.700000000001,0
S3,2,994,0.1918938307030129,5510.1,3
S3,2,995,0.19118220834959032,5056.1,2
S3,2,996,0.18485915492957747,5595.5,0
S3,2,997,0.16583747927031509,4858.900000000001,3
S3,2,998,0.1278227524499361,4883.900000000001,5
S3,2,999,0.1237234878240377,5200.700000000001,0
S3,2,1000,0.12055837563451777,4846.3,0
S3,2,1001,0.11648745519713262,5776.5,3
S3,2,1002,0.11900595029751487,5844.900000000001,0
S3,2,1003,0.06279701289884589,6307.700000000001,3
S3,2,1004,0.1807465618860511,5051.5,1
S3,2,1005,0.1566265060240964,5832.5,0
S3,2,1006,0.15460295151089248,5840.700000000001,8
S3,2,1007,0.19317005864091066,5673.3,0
S3,2,1008,0.173850054328142,5535.700000000001,2
S3,2,1009,0.2043369474562135,4735.1,3
S3,2,1010,0.18654114365411437,5655.1,0
S3,2,1011,0.19136036377415688,5256.3,6
S3,2,1012,0.20275162925416365,5447.900000000001,4
S3,2,1013,0.20393299344501092,5360.700000000001,0
S3,2,1014,0.19820751465012065,5701.200000000001,0
S3,2,1015,0.22226753670473084,4757.900000000001,2
S3,2,1016,0.2099737532808399,5212.900000000001,2
S3,2,1017,0.19375857338820301,5743.700000000001,2
S3,2,1018,0.1979315263908702,5547.55,4
S3,2,1019,0.16552716804605974,5626.3,5
S3,2,1020,0.2231237322515213,4779.0,1
S3,2,1021,0.19237684286227977,5538.7,3
S3,2,1022,0.187743535246192,5618.1,3
S3,2,1023,0.18459915611814345,5656.3,2
S3,2,1024,0.1772928741902489,5842.1,1
S3,2,1025,0.18930957683741648,5302.3,0
S3,2,1026,0.18525115781973636,5588.900000000001,2
S3,2,1027,0.18945634266886327,4873.1,7
S3,2,1028,0.20053475935828877,5105.1,0
S3,2,1029,0.18686502177068215,5432.700000000001,0
S3,2,1030,0.14625228519195613,5531.5,1
S3,2,1031,0.13691128148959475,5619.3,3
S3,2,1032,0.1453900709219858,5714.500000000001,0
S3,2,1033,0.20463320463320464,5049.5,0
S3,2,1034,0.13789581205311544,5957.900000000001,0
S3,2,1035,0.18994413407821228,5262.5,0
S3,2,1036,0.18875344081793158,4996.6,0
S3,2,1037,0.17288801571709234,5099.0,3
S3,2,1038,0.18338727076591155,5477.700000000001,0
S3,2,1039,0.1313355530891602,5525.1,1
S3,2,1040,0.14689265536723164,5340.5,0
S3,2,1041,0.16875981161695447,5072.1,0
S3,2,1042,0.192458758837392,4985.700000000001,0
S3,2,1043,0.12237762237762238,5862.500000000001,1
S3,2,1044,0.07942811755361398,5267.1,0
S3,2,1045,0.0979740949850548,6237.700000000001,0
S3,2,1046,0.13094798967170787,5566.700000000001,1
S3,2,1047,0.1571201272871917,5047.8,0
S3,2,1048,0.21783387622149838,4771.700000000001,3
S3,2,1049,0.16323024054982818,5860.5,2
S3,2,1050,0.20315581854043394,4961.25,1
S3,2,1051,0.2013942680092951,5073.900000000001,2
S3,2,1052,0.1990811638591118,5113.900000000001,0
S3,2,1053,0.18511730205278593,5363.1,0
S3,2,1054,0.1846590909090909,5594.700000000001,3
S3,2,1055,0.21664766248574688,5071.700000000001,0
S3,2,1056,0.1600943714189417,6008.900000000001,5
S3,2,1057,0.11210762331838565,6025.3,5
S3,2,1058,0.11661211129296235,5002.3,0
S3,2,1059,0.14410187667560323,6052.3,2
S3,2,1060,0.122568093385214,5243.500000000001,0
S3,2,1061,0.12395118230358505,5370.900000000001,0
S3,2,1062,0.14670896114195084,5155.900000000001,4
S3,2,1063,0.1888375996642887,4740.1,2
S3,2,1064,0.18871381458409675,5353.3,0
S3,2,1065,0.19719378081152825,5191.900000000001,3
S3,2,1066,0.1794871794871795,5405.5,0
S3,2,1067,0.23385300668151449,4296.5,0
S3,2,1068,0.19801980198019803,5351.900000000001,1
S3,2,1069,0.18905080740448996,4988.3,0
S3,2,1070,0.1510842516885887,5775.1,5
S3,2,1071,0.17640954686959529,5715.700000000001,0
S3,2,1072,0.21297006907137375,5034.700000000001,0
S3,2,1073,0.20437956204379562,5323.5,0
S3,2,1074,0.20971688220901782,5587.700000000001,2
S3,2,1075,0.2016285381930981,5038.3,1
S3,2,1076,0.12379896526237989,5555.700000000001,1
S3,2,1077,0.11927300265051118,5477.700000000001,6
S3,2,1078,0.1794214573416331,5404.700000000001,1
S3,2,1079,0.1938610662358643,4895.700000000001,3
S3,2,1080,0.1514629948364888,5840.5,0
S3,2,1081,0.18226428321065544,5640.1,0
S3,2,1082,0.17964071856287425,5330.900000000001,1
S3,2,1083,0.19637462235649547,5169.1,0
S3,2,1084,0.2271788517141677,4659.7,2
S3,2,1085,0.20295902883156297,5124.700000000001,0
S3,2,1086,0.21611001964636542,4933.5,1
S3,2,1087,0.21850393700787402,4889.5,0
S3,2,1088,0.20817120622568094,5033.5,2
S3,2,1089,0.19372336303758234,5070.700000000001,1
S3,2,1090,0.21380933699489996,4941.3,0
S3,2,1091,0.22379495026778884,5036.3,0
S3,2,1092,0.20328102710413695,5472.3,0
S3,2,1093,0.18449496831904585,5298.1,1
S3,2,1094,0.2007374027038099,4803.700000000001,2
S3,2,1095,0.2172241445597847,5016.700000000001,0
S3,2,1096,0.1634320735444331,5943.900000000001,3
S3,2,1097,0.19712601326455417,5296.3,0
S3,2,1098,0.18619084561675717,5225.1,10
S3,2,1099,0.19312475859405176,5130.3,3
S3,2,1100,0.1858600583090379,5434.3,2
S3,2,1101,0.17089305402425578,5467.700000000001,4
S3,2,1102,0.20624749699639566,4862.900000000001,0
S3,2,1103,0.17509727626459143,4688.1,6
S3,2,1104,0.19509251810136766,4874.700000000001,0
S3,2,1105,0.189873417721519,5887.900000000001,0
S3,2,1106,0.19739161085653859,5540.900000000001,0
S3,2,1107,0.1671784373933811,5894.700000000001,3
S3,2,1108,0.17750373692077728,5314.700000000001,1
S3,2,1109,0.17849898580121704,4882.5,0
S3,2,1110,0.1895551257253385,5177.5,7
S3,2,1111,0.19884169884169883,5052.5,0
S3,2,1112,0.19505600617999228,5155.55,6
S3,2,1113,0.1836210062431142,5429.1,3
S3,2,1114,0.20857699805068225,4968.5,0
S3,2,1115,0.1908843007401636,5095.900000000001,4
S3,2,1116,0.19458544839255498,4626.3,0
S3,2,1117,0.17696044413601666,5720.900000000001,1
S3,2,1118,0.15276145710928318,5134.1,1
S3,2,1119,0.1650227617602428,5269.700000000001,0
S3,2,1120,0.17961876832844575,5406.1,0
S3,2,1121,0.1602775941837409,6131.700000000001,5
S3,2,1122,0.14253563390847712,5391.700000000001,0
S3,2,1123,0.12707377338510412,5824.1,3
S3,2,1124,0.1585887384176764,5706.200000000001,5
S3,2,1125,0.14186977082575483,5567.3,0
S3,2,1126,0.1375770020533881,4952.5,2
S3,2,1127,0.17253646389185343,5574.700000000001,0
S3,2,1128,0.13693560325684678,5472.900000000001,0
S3,2,1129,0.10082023239917977,6050.700000000001,0
S3,2,1130,0.17785111844517784,5399.900000000001,0
S3,2,1131,0.1631516116195782,5004.1,0
S3,2,1132,0.16331658291457288,5645.700000000001,4
S3,2,1133,0.14969029593943564,5887.700000000001,2
S3,2,1134,0.14533786334465837,5338.3,0
S3,2,1135,0.09087791495198902,6064.700000000001,0
S3,2,1136,0.10539478385137549,5806.3,0
S3,2,1137,0.15946137491141035,5655.900000000001,0
S3,2,1138,0.18966158423205653,5299.55,0
S3,2,1139,0.22342733188720174,4420.5,0
S3,2,1140,0.22708674304418985,4678.3,0
S3,2,1141,0.2001510574018127,5161.1,0
S3,2,1142,0.16748212269476853,5328.900000000001,0
S3,2,1143,0.16308518802762856,5231.700000000001,1
S3,2,1144,0.1637233259749816,5478.1,2
S3,2,1145,0.19164430816404754,5137.3,2
S3,2,1146,0.1892744479495268,5596.1,0
S3,2,1147,0.14164827078734363,5490.1,0
S3,2,1148,0.14450867052023122,5937.700000000001,0
S3,2,1149,0.18222768222768224,4826.150000000001,0
S3,2,1150,0.16016981860285603,5189.700000000001,0
S3,2,1151,0.15467759970182632,5422.1,2
S3,2,1152,0.16010802469135801,5191.900000000001,0
S3,2,1153,0.17965204236006052,5288.55,3
S3,2,1154,0.18025078369905956,5034.900000000001,0
S3,2,1155,0.15823935976718806,5533.3,2
S3,2,1156,0.15,5489.5,4
S3,2,1157,0.12529630883846934,6040.1,0
S3,2,1158,0.15815548780487804,5293.3,3
S3,2,1159,0.16641162968630452,5226.3,0
S3,2,1160,0.18625678119349007,5471.5,2
S3,2,1161,0.15553869499241274,5279.700000000001,0
S3,2,1162,0.17934568387859676,5081.900000000001,3
S3,2,1163,0.13561741613133477,5778.900000000001,4
S3,2,1164,0.16815235008103727,4929.1,0
S3,2,1165,0.16828591256072173,5740.900000000001,0
S3,2,1166,0.1466859833393698,5570.700000000001,0
S3,2,1167,0.1326530612244898,5987.5,0
S3,2,1168,0.2136006974716652,4426.3,0
S3,2,1169,0.17560422960725075,5278.1,3
S3,2,1170,0.11429678419217358,5301.700000000001,0
S3,2,1171,0.1626482969766552,5246.1,0
S3,2,1172,0.14998314796090326,6049.900000000001,2
S3,2,1173,0.1906701221769715,5324.700000000001,1
S3,2,1174,0.18531976744186046,5485.900000000001,4
S3,2,1175,0.18828451882845187,5265.3,8
S3,2,1176,0.18188432157148055,5435.3,0
S3,2,1177,0.1777694610778443,5349.900000000001,2
S3,2,1178,0.20347688660608454,4917.700000000001,0
S3,2,1179,0.15625,5660.700000000001,2
S3,2,1180,0.1838810641627543,5066.700000000001,0
S3,2,1181,0.17491626349088202,5388.900000000001,2
S3,2,1182,0.20283199387677,5080.1,0
S3,2,1183,0.18602885345482156,5194.3,0
S3,2,1184,0.22083805209513024,5101.8,0
S3,2,1185,0.21289537712895376,4767.700000000001,0
S3,2,1186,0.21131936787945607,5278.700000000001,0
S3,2,1187,0.18531717747683535,5552.700000000001,1
S3,2,1188,0.20848985725018782,5187.900000000001,2
S3,2,1189,0.1695205479452055,5814.5,0
S3,2,1190,0.16095534787123572,5785.3,0
S3,2,1191,0.18614891913530823,4905.1,0
S3,2,1192,0.172147001934236,5140.5,0
S3,2,1193,0.1875,5201.5,0
S3,2,1194,0.16989404457435148,5477.900000000001,1
S3,2,1195,0.1715592832634388,5223.1,0
S3,2,1196,0.17714285714285713,5194.5,0
S3,2,1197,0.20485584218512898,5159.700000000001,0
S3,2,1198,0.2080856123662307,4893.1,0
S3,2,1199,0.22393822393822393,4974.5,0
S3,2,1200,0.20054517133956387,5019.1,0
S3,2,1201,0.21124239169351952,5417.1,1
S3,2,1202,0.20300751879699247,5191.5,0
S3,2,1203,0.17582417582417584,5455.5,2
S3,2,1204,0.17737969792764313,5704.900000000001,3
S3,2,1205,0.17524644030668127,5505.3,4
S3,2,1206,0.20657995409334354,5100.3,0
S3,2,1207,0.19007965242577843,5433.900000000001,0
S3,2,1208,0.18767217630853994,5740.3,1
S3,2,1209,0.19443385436523064,5186.1,0
S3,2,1210,0.24210526315789474,4532.25,0
S3,2,1211,0.21062271062271062,5286.25,0
S3,2,1212,0.18861080885019949,5433.900000000001,0
S3,2,1213,0.2109375,4951.5,0
S3,2,1214,0.1857194374323837,5487.1,1
S3,2,1215,0.1851192595229619,5563.3,0
S3,2,1216,0.19731800766283525,5170.5,3
S3,2,1217,0.16632373113854595,5840.700000000001,0
S3,2,1218,0.16720604099244876,5582.700000000001,0
S3,2,1219,0.1907703488372093,5411.900000000001,0
S3,2,1220,0.18056089127929312,5130.1,0
S3,2,1221,0.16723036452461482,5307.700000000001,0
S3,2,1222,0.16157053509381514,5763.35,0
S3,2,1223,0.2315369261477046,4828.5,2
S3,2,1224,0.2170418006430868,4825.35,0
S3,2,1225,0.187592867756315,5303.900000000001,0
S3,2,1226,0.2045075125208681,4681.450000000001,2
S3,2,1227,0.21012006861063465,4565.900000000001,2
S3,2,1228,0.17885852090032153,4945.1,2
S3,2,1229,0.17611026033690658,5232.900000000001,3
S3,2,1230,0.17069701280227595,5653.900000000001,4
S3,2,1231,0.17825934987766515,5669.700000000001,0
S3,2,1232,0.16683690840994211,5949.900000000001,5
S3,2,1233,0.18457602339181287,5401.700000000001,1
S3,2,1234,0.2075542258788332,5184.3,0
S3,2,1235,0.1862673484295106,5434.1,3
S3,2,1236,0.1790989660265879,5410.1,3
S3,2,1237,0.18850987432675045,5555.5,3
S3,2,1238,0.2200488997555012,4758.3,0
S3,2,1239,0.22123893805309736,4841.7,3
S3,2,1240,0.2093279471171502,5294.6,0
S3,2,1241,0.22338204592901878,4634.5,0
S3,2,1242,0.21755027422303475,5270.5,0
S3,2,1243,0.18552200800291016,5423.3,0
S3,2,1244,0.19501625135427952,5431.3,0
S3,2,1245,0.20685997171145687,5527.1,0
S3,2,1246,0.2204553668232743,5367.900000000001,1
S3,2,1247,0.2089975203684024,5470.1,0
S3,2,1248,0.18889308651303363,5281.900000000001,3
S3,2,1249,0.2204447912602419,5018.1,6
S3,2,1250,0.21808088818398097,4906.900000000001,3
S3,2,1251,0.20218579234972678,5380.5,0
S3,2,1252,0.18321513002364065,5031.6,1
S3,2,1253,0.2015472312703583,4860.700000000001,4
S3,2,1254,0.16298811544991512,5900.500000000001,0
S3,2,1255,0.1599229287090559,5262.5,4
S3,2,1256,0.18272425249169436,5353.3,0
S3,2,1257,0.1830621301775148,5342.3,0
S3,2,1258,0.16750096264921063,5158.900000000001,0
S3,2,1259,0.16773464003015454,5280.1,0
S3,2,1260,0.1423754215061821,5398.3,0
S3,2,1261,0.19238476953907815,4881.25,0
S3,2,1262,0.18897915930766512,5553.700000000001,0
S3,2,1263,0.11182649949169773,6173.700000000001,6
S3,2,1264,0.16581129095933675,5079.35,0
S3,2,1265,0.1807955002008839,4964.3,1
S3,2,1266,0.1967028849756463,5249.3,0
S3,2,1267,0.2102803738317757,4989.1,0
S3,2,1268,0.19680851063829788,5525.5,0
S3,2,1269,0.20077220077220076,5089.0,2
S3,2,1270,0.17782822550132427,5278.1,0
S3,2,1271,0.21209740769835037,4957.700000000001,1
S3,2,1272,0.2185792349726776,4617.3,0
S3,2,1273,0.17127592708988057,6384.900000000001,3
S3,2,1274,0.20651310563939634,4962.1,3
S3,2,1275,0.2167357708254806,5148.1,2
S3,2,1276,0.18480492813141683,5787.900000000001,0
S3,2,1277,0.22227017695295642,4512.900000000001,2
S3,2,1278,0.2059153874953201,5193.700000000001,0
S3,2,1279,0.17443930224279103,5626.3,3
S3,2,1280,0.19480519480519481,5306.5,0
S3,2,1281,0.20260492040520983,5434.3,2
S3,2,1282,0.19492131616595135,5522.700000000001,2
S3,2,1283,0.2267530487804878,5026.3,0
S3,2,1284,0.19838354151359294,5348.900000000001,1
S3,2,1285,0.22718052738336714,4748.5,2
S3,2,1286,0.18546845124282982,5203.5,5
S3,2,1287,0.1954459203036053,5255.5,5
S3,2,1288,0.20872865275142316,5124.5,0
S3,2,1289,0.19571639586410636,5289.1,0
S3,2,1290,0.1697363669194655,5603.3,4
S3,2,1291,0.19439579684763572,5638.5,4
S3,2,1292,0.1875,5544.1,0
S3,2,1293,0.16787485692483786,5301.700000000001,6
S3,2,1294,0.17115804806991988,5444.700000000001,0
S3,2,1295,0.15003489183531055,5822.700000000001,2
S3,2,1296,0.1579961464354528,5264.5,4
S3,2,1297,0.20104244229337304,5316.7,4
S3,2,1298,0.18473895582329317,4933.5,0
S3,2,1299,0.16257465162574652,6050.3,0
S3,2,1300,0.20426287744227353,5505.5,0
S3,2,1301,0.18225039619651348,4988.3,0
S3,2,1302,0.16978922716627634,5172.900000000001,4
S3,2,1303,0.14528301886792452,5381.5,1
S3,2,1304,0.16879219804951237,5401.700000000001,5
S3,2,1305,0.12999246420497362,5412.3,0
S3,2,1306,0.14525368248772505,4918.3,0
S3,2,1307,0.1994828223125231,5289.900000000001,0
S3,2,1308,0.18181818181818182,5000.75,0
S3,2,1309,0.18548387096774194,4900.5,1
S3,2,1310,0.1880752300920368,4901.3,0
S3,2,1311,0.129278951201748,5597.700000000001,0
S3,2,1312,0.06805614632071459,4994.700000000001,3
S3,2,1313,0.06056018168054504,5627.900000000001,0
S3,2,1314,0.17822549399457574,5114.700000000001,0
S3,2,1315,0.17623546511627908,5459.900000000001,0
S3,2,1316,0.15969162995594713,5490.3,4
S3,2,1317,0.11780610274237158,5359.3,2
S3,2,1318,0.11610486891385768,5527.5,2
S3,2,1319,0.16934433347807207,4632.1,2
S3,2,1320,0.11802575107296137,5732.700000000001,0
S3,2,1321,0.1584193663225347,5613.3,0
S3,2,1322,0.18822587104525432,4953.900000000001,1
S3,2,1323,0.19171779141104295,5113.1,0
S3,2,1324,0.1918693009118541,5177.900000000001,1
S3,2,1325,0.19514137793707687,4924.200000000001,0
S3,2,1326,0.18456995201181248,5327.3,0
S3,2,1327,0.18808777429467086,5025.900000000001,0
S3,2,1328,0.201949860724234,5645.900000000001,3
S3,2,1329,0.19889502762430938,5312.5,0
S3,2,1330,0.20129130269654386,5144.1,0
S3,2,1331,0.21339220014716703,5255.1,0
S3,2,1332,0.17027863777089783,5788.900000000001,0
S3,2,1333,0.19625825385179752,5388.700000000001,2
S3,2,1334,0.19978969505783387,5570.1,0
S3,2,1335,0.11978361669242658,5402.1,8
S3,2,1336,0.09210526315789473,6369.5,0
S3,2,1337,0.1839264294282287,4957.700000000001,0
S3,2,1338,0.1991492652745553,5068.950000000001,0
S3,2,1339,0.19838056680161945,4878.5,2
S3,2,1340,0.19522776572668113,5469.700000000001,4
S3,2,1341,0.19293775027302512,5394.900000000001,0
S3,2,1342,0.18821889159986058,5651.3,0
S3,2,1343,0.2208515718265022,4855.35,0
S3,2,1344,0.22396856581532418,4933.5,3
S3,2,1345,0.17897513187641295,5256.3,0
S3,2,1346,0.18019726858877086,5260.700000000001,2
S3,2,1347,0.20091848450057406,5148.1,2
S3,2,1348,0.18982229402261713,4890.700000000001,0
S3,2,1349,0.20119521912350596,4923.5,0
S3,2,1350,0.2135306553911205,4584.5,0
S3,2,1351,0.1789437109103544,5748.1,3
S3,2,1352,0.20057824358511023,5393.900000000001,0
S3,2,1353,0.2126865671641791,4745.3,3
S3,2,1354,0.23517786561264822,4824.5,0
S3,2,1355,0.20545158665581773,4815.1,2
S3,2,1356,0.2047970479704797,5263.5,0
S3,2,1357,0.18991964937910885,5438.1,3
S3,2,1358,0.1659671880961465,5338.700000000001,6
S3,2,1359,0.14338235294117646,5503.5,0
S3,2,1360,0.15211378901619912,5128.700000000001,2
S3,2,1361,0.13979318268862506,5273.700000000001,0
S3,2,1362,0.15826278984173722,5591.900000000001,11
S3,2,1363,0.15065913370998116,5336.5,0
S3,2,1364,0.154,5100.5,5
S3,2,1365,0.18009985734664766,5573.3,1
S3,2,1366,0.16403654485049834,4868.1,3
S3,2,1367,0.15157116451016636,5446.5,0
S3,2,1368,0.15,5679.500000000001,2
S3,2,1369,0.11844331641285956,6058.5,0
S3,2,1370,0.1658270361041142,4779.900000000001,2
S3,2,1371,0.15869827239855364,4969.3,0
S3,2,1372,0.18930041152263374,4771.5,0
S3,2,1373,0.16402714932126697,5299.900000000001,0
S3,2,1374,0.1762114537444934,5498.3,6
S3,2,1375,0.22185551888522184,5240.900000000001,0
S3,2,1376,0.18627812615271117,5325.700000000001,0
S3,2,1377,0.18553940321346596,5192.3,1
S3,2,1378,0.20088462956137118,5320.1,2
S3,2,1379,0.14200561009817672,5769.900000000001,0
S3,2,1380,0.12723129510064565,5395.1,1
S3,2,1381,0.13973268529769137,4995.3,0
S3,2,1382,0.14189693801344286,5433.1,0
S3,2,1383,0.10288808664259928,5769.5,2
S3,2,1384,0.10533962949509626,5716.1,0
S3,2,1385,0.19534184823441023,5255.150000000001,1
S3,2,1386,0.1910067648229208,4960.1,0
S3,2,1387,0.222,4831.75,2
S3,2,1388,0.17869780608634112,5578.700000000001,0
S3,2,1389,0.1394774011299435,5843.900000000001,7
S3,2,1390,0.13348588863463004,5325.900000000001,0
S3,2,1391,0.10091145833333333,6393.900000000001,0
S3,2,1392,0.16927083333333334,5400.1,3
S3,2,1393,0.16205389657683905,5479.700000000001,0
S3,2,1394,0.137291280148423,5452.500000000001,0
S3,2,1395,0.09060022650056625,5549.3,2
S3,2,1396,0.15682967959527824,5932.500000000001,0
S3,2,1397,0.18747656542932134,5239.900000000001,0
S3,2,1398,0.15768463073852296,5173.5,12
S3,2,1399,0.1646234676007005,5753.5,2
S3,2,1400,0.17857142857142858,5330.1,0
S3,2,1401,0.15228426395939088,5585.1,2
S3,2,1402,0.08471584892340275,5912.1,0
S3,2,1403,0.0661875945537065,5579.3,0
S3,2,1404,0.1743730407523511,5089.900000000001,2
S3,2,1405,0.1464361326746648,5714.3,0
S3,2,1406,0.13444767441860464,5582.900000000001,0
S3,2,1407,0.09581540868204928,5316.900000000001,1
S3,2,1408,0.09145129224652088,5228.25,0
S3,2,1409,0.07664233576642336,5807.5,4
S3,2,1410,0.07473309608540925,5961.5,4
S3,2,1411,0.06154842889536767,6564.900000000001,2
S3,2,1412,0.07651245551601424,5891.500000000001,0
S3,2,1413,0.10974702380952381,5651.1,8
S3,2,1414,0.08898144642180993,5587.700000000001,4
S3,2,1415,0.14090019569471623,5156.5,0
S3,2,1416,0.18667642752562225,5382.900000000001,1
S3,2,1417,0.193560751245688,5156.3,3
S3,2,1418,0.17945780832378772,5180.3,0
S3,2,1419,0.18032144257154056,5087.700000000001,4
S3,2,1420,0.1728673431040962,5416.700000000001,11
S3,2,1421,0.1744186046511628,5445.900000000001,0
S3,2,1422,0.17182779456193353,5256.1,0
S3,2,1423,0.1405384006334125,5105.700000000001,0
S3,2,1424,0.09884974838245866,5762.900000000001,0
S3,2,1425,0.1281055900621118,5295.700000000001,3
S3,2,1426,0.10300279329608938,5947.3,1
S3,2,1427,0.16759776536312848,4996.700000000001,0
S3,2,1428,0.13333333333333333,5484.5,10
S3,2,1429,0.15211879753712423,5542.700000000001,0
S3,2,1430,0.1561951561951562,5755.3,2
S3,2,1431,0.19443385436523064,5139.1,1
S3,2,1432,0.11221945137157108,5831.900000000001,3
S3,2,1433,0.13226649248856956,6243.900000000001,2
S3,2,1434,0.1528709917971663,5405.900000000001,2
S3,2,1435,0.14883346741753822,5002.700000000001,0
S3,2,1436,0.13115343154868847,5691.1,1
S3,2,1437,0.17135862913096694,4855.700000000001,0
S3,2,1438,0.16631578947368422,4733.5,0
S3,2,1439,0.19102990033222592,4770.1,2
S3,2,1440,0.20481927710843373,4892.5,2
S3,2,1441,0.18312387791741472,5554.5,2
S3,2,1442,0.1867145421903052,5523.5,1
S3,2,1443,0.17276770441327402,5792.1,0
S3,2,1444,0.18887083671811536,4855.900000000001,0
S3,2,1445,0.1841305998481397,5180.3,0
S3,2,1446,0.18394648829431437,5313.700000000001,0
S3,2,1447,0.17092411720510894,5343.900000000001,3
S3,2,1448,0.19104592821304517,5135.700000000001,2
S3,2,1449,0.18638265500190188,5178.3,0
S3,2,1450,0.18992102294095525,5289.3,3
S3,2,1451,0.1990811638591118,5136.900000000001,3
S3,2,1452,0.1687177451369591,5019.3,0
S3,2,1453,0.19014849692140529,5411.700000000001,0
S3,2,1454,0.18158783783783783,4673.6,0
S3,2,1455,0.18995929443690637,4327.700000000001,0
S3,2,1456,0.18028385116992712,5254.400000000001,5
S3,2,1457,0.1820340324495449,5014.900000000001,0
S3,2,1458,0.1827875095201828,5183.700000000001,0
S3,2,1459,0.2045188936501753,4984.900000000001,0
S3,2,1460,0.18603759110088225,5140.900000000001,0
S3,2,1461,0.1830931047915855,5254.400000000001,12
S3,2,1462,0.1889644746787604,5188.700000000001,0
S3,2,1463,0.17729158807996984,5250.700000000001,0
S3,2,1464,0.18695154521175125,5225.700000000001,4
S3,2,1465,0.18178186176588093,5023.1,3
S3,2,1466,0.19035054655107425,5246.1,2
S3,2,1467,0.19088213491475167,5325.1,0
S3,2,1468,0.17655624317437205,5534.900000000001,4
S3,2,1469,0.20569620253164558,4905.1,0
S3,2,1470,0.19887429643527205,5228.5,2
S3,2,1471,0.17744916820702403,5403.5,0
S3,2,1472,0.17802450229709035,5219.900000000001,2
S3,2,1473,0.21591363454618154,4837.200000000001,0
S3,2,1474,0.1981015270326042,4789.1,3
S3,2,1475,0.1741731175228712,5640.900000000001,0
S3,2,1476,0.1532229658330398,5706.3,0
S3,2,1477,0.1785043216835776,5311.700000000001,0
S3,2,1478,0.17386722866174922,5681.650000000001,1
S3,2,1479,0.1668335001668335,6000.900000000001,0
S3,2,1480,0.20373191165270374,5122.700000000001,0
S3,2,1481,0.18299656881433474,5264.1,6
S3,2,1482,0.17215845982969272,5486.700000000001,8
S3,2,1483,0.16923076923076924,5234.5,3
S3,2,1484,0.18198874296435272,5312.75,3
S3,2,1485,0.1743350107836089,5583.900000000001,3
S3,2,1486,0.16930022573363432,5303.1,1
S3,2,1487,0.1369185087429891,6260.700000000001,5
S3,2,1488,0.1441973592772759,5911.1,6
S3,2,1489,0.1930732484076433,4926.900000000001,0
S3,2,1490,0.12491444216290212,5989.900000000001,1
S3,2,1491,0.1685621445978879,4969.900000000001,5
S3,2,1492,0.16908212560386474,5406.700000000001,3
S3,2,1493,0.17717269675494218,5295.700000000001,0
S3,2,1494,0.16821760916249104,5571.3,1
S3,2,1495,0.09426393902928198,5190.1,0
S3,2,1496,0.1786378861183476,5322.900000000001,0
S3,2,1497,0.22373909745923398,5080.900000000001,0
S3,2,1498,0.20138089758342922,5072.900000000001,0
S3,2,1499,0.1996124031007752,5065.5,0
