service_level,total_cost,scri_viol,VaR95,TVaR95,scenario,method,seed,episode
0.10667903525046382,9034.030621452985,3,2704.7244971623877,2888.0306214529846,S2,dqn,1,0
0.08837627321749551,9458.64999982653,3,2324.789999884916,2342.599999866017,S2,dqn,1,1
0.10678759508484494,9520.549999930001,1,2616.9,2634.0,S2,dqn,1,2
0.11107584893684544,8843.159385392353,6,2525.6996823164436,2594.4463420632883,S2,dqn,1,3
0.08565310492505353,9281.417535444689,2,2625.5340283557516,2741.9175354446897,S2,dqn,1,4
0.09600731484303567,9280.09999986571,2,2550.7,2624.5,S2,dqn,1,5
0.10184595798854233,8828.930850750008,5,2498.9199998415484,2512.1499998019353,S2,dqn,1,6
0.11517828968128747,8819.04999994762,1,2391.839999958095,2460.549999947619,S2,dqn,1,7
0.09796806966618288,7742.371052578037,1,2216.17684206243,2290.9710525780374,S2,dqn,1,8
0.0711864406779661,8498.749999511372,5,2267.3199997128104,2305.649999641013,S2,dqn,1,9
0.08307372793354102,8238.549999908333,1,2326.5399999266665,2415.049999908333,S2,dqn,1,10
0.15308075009567546,7065.099999718511,2,2017.1999999999998,2091.0,S2,dqn,1,11
0.09636363636363636,7756.0499999358335,1,2346.339999948667,2355.5499999358335,S2,dqn,1,12
0.10734652801073465,8303.5,0,2180.8,2233.5,S2,dqn,1,13
0.08750994431185362,10715.151643395331,6,2725.379791594756,2771.5499999407693,S2,dqn,1,14
0.08603896103896104,8716.0,0,2505.7,2572.5,S2,dqn,1,15
0.12405237767057202,8001.5,0,2484.2,2650.5,S2,dqn,1,16
0.12647262647262647,7975.549999944605,1,2043.7399999556833,2064.049999944604,S2,dqn,1,17
0.1071776550828191,8635.0,0,2473.1,2622.5,S2,dqn,1,18
0.0855568445475638,9849.020754109648,9,2675.544150864288,2694.5,S2,dqn,1,19
0.10869565217391304,8348.5,0,2285.0,2379.5,S2,dqn,1,20
0.0893407270486753,9147.04999989,1,2626.5,2640.5,S2,dqn,1,21
0.12753433616742968,8441.917081244308,6,2128.6134162182657,2138.0499999490066,S2,dqn,1,22
0.12092710782667114,8245.014285478635,3,2186.402857095727,2188.0,S2,dqn,1,23
0.09665792922673656,8605.249999724787,2,2554.1,2624.5,S2,dqn,1,24
0.0899830220713073,8331.911009699686,2,2366.6012402641763,2459.2515503302207,S2,dqn,1,25
0.08882428940568475,8768.5,0,2534.4,2554.5,S2,dqn,1,26
0.11460258780036968,7500.0,0,1979.6,1995.0,S2,dqn,1,27
0.11171293161814488,8241.293518341856,3,2115.5399999675788,2142.5499999594736,S2,dqn,1,28
0.1064875491480996,8512.5,0,2207.5,2240.5,S2,dqn,1,29
0.11864406779661017,7362.6999991593575,2,1730.0,1753.5,S2,dqn,1,30
0.11627906976744186,8742.799999754374,3,2395.709999982889,2493.5,S2,dqn,1,31
0.099640640313623,8619.449999851078,2,2564.9499999702157,2724.0,S2,dqn,1,32
0.11367492365117068,8189.5,0,2485.6,2674.5,S2,dqn,1,33
0.1300479123887748,8047.094444315759,2,2159.7188888631517,2236.5,S2,dqn,1,34
0.11054421768707483,8187.099999773359,2,2232.2,2332.5,S2,dqn,1,35
0.09196515004840271,8724.0,0,2637.3999999999996,2787.0,S2,dqn,1,36
0.07974010632014177,9602.5,0,2847.7,2884.0,S2,dqn,1,37
0.09272073069471354,10189.079629347592,3,2790.4,2827.0,S2,dqn,1,38
0.09603072983354674,8796.649999911495,1,2214.1,2282.0,S2,dqn,1,39
0.10398098633392751,9457.19859879517,4,2917.6313115045655,2943.7891393807067,S2,dqn,1,40
0.13004146249528836,7262.5,0,2277.6,2386.0,S2,dqn,1,41
0.11462705844365514,8614.649999716696,3,2779.2599999125387,2941.5499999486665,S2,dqn,1,42
0.09010257831993346,10241.57024426784,5,3122.2161954784374,3308.520244348047,S2,dqn,1,43
0.09595512252731031,9554.76602359358,3,2808.059999956,2906.199999945,S2,dqn,1,44
0.10389182058047493,8526.92871633615,4,2635.6429730689188,2720.9287163361487,S2,dqn,1,45
0.12231954092419209,9165.249999858834,2,3017.2,3220.0,S2,dqn,1,46
0.13442737430167598,7844.6,0,2152.08,2200.1,S2,dqn,1,47
0.11160714285714286,7501.380373679039,2,1824.804298943231,1829.3803736790387,S2,dqn,1,48
0.10950413223140495,6771.649999895946,1,2241.5,2381.0,S2,dqn,1,49
0.09794918885827977,9150.5,0,2710.1,2789.5,S2,dqn,1,50
0.1377513030528667,7325.0,0,2319.1,2361.5,S2,dqn,1,51
0.08942579228114214,9001.549999869492,1,2607.7999999999997,2758.0,S2,dqn,1,52
0.12698412698412698,6939.299218590878,2,2220.8598437181754,2298.5,S2,dqn,1,53
0.0860323886639676,8381.5,0,2365.3,2383.5,S2,dqn,1,54
0.06392266916120985,9252.049999965315,1,2645.2,2745.0,S2,dqn,1,55
0.09996722386102917,8590.264606044952,5,2064.6919539098308,2096.8649423872885,S2,dqn,1,56
0.11813759555246699,7998.1,0,2236.3199999999997,2317.5,S2,dqn,1,57
0.11675824175824176,8117.549999945774,1,2546.2099999891548,2660.5,S2,dqn,1,58
0.10544538873150772,8925.849999728483,4,2226.2999998840965,2271.5499998973332,S2,dqn,1,59
0.08885542168674698,9394.299999913483,1,2595.3599999307867,2646.199999913483,S2,dqn,1,60
0.08891928864569083,8305.149999712508,3,2066.139999941887,2075.0499999273584,S2,dqn,1,61
0.1356907894736842,6707.599999794337,2,2137.7399999210256,2236.5499999012823,S2,dqn,1,62
0.09854771784232365,8119.5,0,2407.0,2526.0,S2,dqn,1,63
0.08083480305702528,9668.099999874014,2,2789.849999940832,2815.0499999433823,S2,dqn,1,64
0.07208206265594677,10329.430850759347,5,2663.6,2715.0,S2,dqn,1,65
0.09912536443148688,9641.432608504654,3,2655.0665217304563,2742.0,S2,dqn,1,66
0.10095447870778267,7683.073893299843,6,2082.243846009445,2088.9298075118063,S2,dqn,1,67
0.07023705004389816,9794.649999841127,3,2483.7499999387314,2493.0499999358335,S2,dqn,1,68
0.1035031847133758,8814.791008677617,4,2773.479903861643,2928.8861701806973,S2,dqn,1,69
0.11412504134965266,8395.549999914445,1,2310.2,2411.5,S2,dqn,1,70
0.0844173816772765,10235.0,0,2632.8,2651.0,S2,dqn,1,71
0.07832480818414322,8931.160975441553,2,2605.7999999999997,2722.5,S2,dqn,1,72
0.09783728115345006,8215.099999891543,2,2378.5,2524.5,S2,dqn,1,73
0.12300762300762301,7988.649999772158,3,2121.219999963598,2153.5,S2,dqn,1,74
0.07712944332662643,8480.049999928038,1,2286.4099999856076,2293.0,S2,dqn,1,75
0.08981001727115717,8148.5,0,2339.7999999999997,2423.5,S2,dqn,1,76
0.09810228369250563,8749.0,0,2213.7,2248.5,S2,dqn,1,77
0.0920353982300885,8016.768164279564,7,2422.024531530383,2534.7681644339023,S2,dqn,1,78
0.10693454309786131,8644.718548181156,3,2376.519999969729,2384.0,S2,dqn,1,79
0.10430686406460296,8340.599999798693,2,2380.5,2412.0,S2,dqn,1,80
0.1186161449752883,8384.0,0,2410.4,2411.5,S2,dqn,1,81
0.08247422680412371,8248.9,0,2515.5,2660.5,S2,dqn,1,82
0.10561342592592593,9648.5,0,2473.5,2530.0,S2,dqn,1,83
0.12154696132596685,7523.549999906098,1,2328.6,2465.5,S2,dqn,1,84
0.09361233480176212,7793.574785352835,10,2128.2999998839596,2154.5999998963475,S2,dqn,1,85
0.10922330097087378,9225.183249780837,4,2605.295263104864,2610.5,S2,dqn,1,86
0.10231023102310231,8493.219064698784,1,2376.5,2438.0,S2,dqn,1,87
0.10757575757575757,9183.0,0,2666.2,2750.0,S2,dqn,1,88
0.06811594202898551,9939.53622735902,4,2556.2,2608.0,S2,dqn,1,89
0.13639502762430938,7940.5,0,2432.4,2538.5,S2,dqn,1,90
0.12232415902140673,8147.1,0,2012.72,2029.5,S2,dqn,1,91
0.11987381703470032,8758.356306243186,1,2315.5,2350.5,S2,dqn,1,92
0.09259259259259259,9486.183333082367,3,2773.96,2880.0,S2,dqn,1,93
0.09830508474576272,8283.449999885075,1,2364.33999990806,2399.0499998850746,S2,dqn,1,94
0.1202440775305097,7736.272602498796,3,2203.9,2232.5,S2,dqn,1,95
0.10505581089954039,8611.008448516455,6,2337.675294009609,2353.394117565807,S2,dqn,1,96
0.11155872327238922,8971.0,0,2745.5,2746.0,S2,dqn,1,97
0.08015675097969362,8015.029884850185,3,2390.4,2404.0,S2,dqn,1,98
0.10763538513286243,8337.149999804893,3,2184.519999975507,2214.0,S2,dqn,1,99
0.13428571428571429,9597.149999818954,3,2689.679999933137,2819.5999999164214,S2,dqn,1,100
0.12890094979647218,8137.249999790451,2,2207.8,2245.5,S2,dqn,1,101
0.12219959266802444,8170.249999803943,3,2102.739999945487,2179.5499999318586,S2,dqn,1,102
0.15262321144674085,8527.099999797236,2,2725.8099999842852,2974.0,S2,dqn,1,103
0.12827741753594588,9765.54999995926,1,3042.2399999674076,3146.0499999592594,S2,dqn,1,104
0.14276228419654716,8283.80945901822,5,2731.8275673905773,2791.1594592382216,S2,dqn,1,105
0.1340931947703654,8170.036842046607,1,2217.8294736372854,2233.0368420466066,S2,dqn,1,106
0.13646826701742848,8303.0,0,2290.2999999999997,2386.5,S2,dqn,1,107
0.1424720831728918,7135.499999851869,2,2012.6499999227449,2084.0499999206186,S2,dqn,1,108
0.12133468149646107,8235.261242804996,6,2321.3161537694814,2405.0499999493422,S2,dqn,1,109
0.12829284981183717,8059.5,0,2178.4,2283.5,S2,dqn,1,110
0.12168823166974738,9044.667259778516,8,2664.0438081004986,2825.1672601480072,S2,dqn,1,111
0.10691657866948258,10589.393577596657,2,2848.1,2916.0,S2,dqn,1,112
0.1744186046511628,7161.889156480665,3,2161.537831296133,2240.5,S2,dqn,1,113
0.11207970112079702,8994.149999756628,3,2219.2799998863547,2262.0999998579437,S2,dqn,1,114
0.14303877940241577,8624.464309534433,4,2422.491447627546,2467.164309534433,S2,dqn,1,115
0.10675129832660127,9723.229468913663,4,2864.440655697258,2939.5,S2,dqn,1,116
0.14959723820483314,7096.799999823274,3,2223.1999999763216,2286.5,S2,dqn,1,117
0.19037199124726478,5993.9,0,1558.8999999999999,1609.5,S2,dqn,1,118
0.15151515151515152,9068.09999990002,2,2889.1799999200157,3059.0999999000196,S2,dqn,1,119
0.12942989214175654,8910.599999795635,2,2746.3999999999996,2957.0,S2,dqn,1,120
0.12300531914893617,8436.154638665053,6,2416.503711225851,2544.5046390323137,S2,dqn,1,121
0.11957205789804909,8790.04999995497,1,2674.709999990994,2771.0,S2,dqn,1,122
0.11843790012804098,8663.949999909411,1,2190.009999981882,2197.5,S2,dqn,1,123
0.12859560067681894,8117.0,0,2520.4,2591.0,S2,dqn,1,124
0.13522012578616352,8700.8,0,2254.72,2268.5,S2,dqn,1,125
0.10242672549637567,8891.599999869519,2,2234.0399999445044,2237.0499999306307,S2,dqn,1,126
0.10052582740488711,9116.5,0,2765.8999999999996,2920.5,S2,dqn,1,127
0.15052593398621691,7530.30624993432,1,2203.8,2207.5,S2,dqn,1,128
0.12581868321268527,8038.680919778266,6,2695.2722366830303,2941.743420955629,S2,dqn,1,129
0.14750251424740193,8111.599999889184,2,2255.5499999386843,2282.0499999347458,S2,dqn,1,130
0.1572539736219141,7990.348873520554,6,2374.0197747388374,2387.5,S2,dqn,1,131
0.12736874805840323,8923.287623297261,6,2506.1499999438843,2546.0,S2,dqn,1,132
0.11691136487221315,10272.049999949673,1,2668.6,2714.0,S2,dqn,1,133
0.14585764294049008,7015.9,0,2069.9,2129.5,S2,dqn,1,134
0.13812993321190042,9050.117528696537,6,2381.84350571501,2422.5499999330436,S2,dqn,1,135
0.15184381778741865,8740.5,0,2137.5,2144.0,S2,dqn,1,136
0.1484480431848853,8052.0,0,2199.1,2277.5,S2,dqn,1,137
0.1282051282051282,8185.3038459193185,3,2434.309999986491,2533.5,S2,dqn,1,138
0.13857189435930878,8446.0,0,2640.9,2719.5,S2,dqn,1,139
0.13575400719659797,8378.5,0,2305.1,2318.5,S2,dqn,1,140
0.10465479537644486,8992.989664145845,4,3026.651731813007,3252.689664766259,S2,dqn,1,141
0.1661190215407083,7358.651123457174,2,2035.7302246914348,2087.0,S2,dqn,1,142
0.12991030003093101,8929.5,0,2538.2,2621.5,S2,dqn,1,143
0.1275016139444803,8583.8,0,2608.4,2673.5,S2,dqn,1,144
0.1575824990730441,7299.099999552389,3,2144.039999940769,2162.0499999259614,S2,dqn,1,145
0.14775413711583923,9225.549999957459,1,2568.739999965967,2656.0499999574586,S2,dqn,1,146
0.13863216266173753,7422.740066124446,2,2418.7,2500.0,S2,dqn,1,147
0.13669301712779974,8319.579031922347,4,2211.1399999239507,2258.5499999049384,S2,dqn,1,148
0.13002773925104022,7908.0,0,2081.4,2096.0,S2,dqn,1,149
0.1423324150596878,8897.734172486678,3,2357.987337989343,2391.2341724866787,S2,dqn,1,150
0.17753922378199835,6497.711701624767,6,1881.5723402142007,1887.9499997519574,S2,dqn,1,151
0.1255539143279173,9357.199999892111,2,2962.9,3080.0,S2,dqn,1,152
0.132291040288635,9142.049999917204,1,2446.1,2483.0,S2,dqn,1,153
0.12884333821376281,9395.5,0,2709.6,2811.0,S2,dqn,1,154
0.10419640308307165,9800.5,0,2426.9,2472.5,S2,dqn,1,155
0.16536964980544747,6869.549999885075,1,1996.8099999770147,2092.5,S2,dqn,1,156
0.11689070718877849,9505.449999945775,1,2761.2,2953.5,S2,dqn,1,157
0.13478402078596946,8603.865382519214,8,2418.752307597213,2464.0653844965163,S2,dqn,1,158
0.11265164644714037,9642.5,0,2864.2999999999997,2973.5,S2,dqn,1,159
0.1111431870669746,9631.549999942537,1,2479.8399999540297,2487.0499999425374,S2,dqn,1,160
0.14055590650663297,8673.899856447695,4,2446.4898851963385,2480.8498565113323,S2,dqn,1,161
0.1618457300275482,7822.0,0,1911.9,1923.5,S2,dqn,1,162
0.16390205371248026,6838.453092349129,3,1857.1024738793033,1876.753092349129,S2,dqn,1,163
0.13725490196078433,9123.168852199697,4,2607.115081811961,2741.0188522649514,S2,dqn,1,164
0.13426914861153494,9027.149999841558,3,2533.959999932498,2559.54999994031,S2,dqn,1,165
0.15746500777604977,6961.406249859562,2,1988.701249927058,2021.6999999252428,S2,dqn,1,166
0.12373968835930339,9070.04999995276,1,2676.309999990552,2719.5,S2,dqn,1,167
0.139055023923445,9179.695097787011,3,2418.779019487787,2440.3999998839745,S2,dqn,1,168
0.14250527797325827,7749.549999898684,1,2076.0,2121.5,S2,dqn,1,169
0.15661446184605132,8145.512402646488,6,2127.859922204839,2147.2624027925694,S2,dqn,1,170
0.14027671022290547,7181.5719506916175,4,1998.584390029752,2006.5499997666666,S2,dqn,1,171
0.10785398230088496,10145.54999992451,1,2588.9,2603.0,S2,dqn,1,172
0.14534883720930233,8011.9023199570265,6,2329.079999902745,2403.5499998884056,S2,dqn,1,173
0.1408839779005525,7968.299999336765,2,2226.419999867353,2259.5,S2,dqn,1,174
0.1677040110650069,7735.9,0,2254.9,2336.0,S2,dqn,1,175
0.1506136110078096,7327.54333322796,2,1865.0086666455918,1913.6,S2,dqn,1,176
0.16423357664233576,7394.041110844615,3,1857.7328886756925,1866.5411108446156,S2,dqn,1,177
0.15980958857531452,7940.737777361046,5,2444.147555472209,2547.0,S2,dqn,1,178
0.13840279987273305,8592.351612791514,2,2323.870322558303,2336.5,S2,dqn,1,179
0.1579694710685126,7634.0999998767,2,2025.8499999449455,2052.0499999493422,S2,dqn,1,180
0.11030522816560895,9224.0,0,2599.6,2683.5,S2,dqn,1,181
0.17103762827822122,7058.549999901282,1,1968.0399999210256,2016.549999901282,S2,dqn,1,182
0.1851145038167939,6908.699999769729,2,1801.0499998714458,1813.0499998625,S2,dqn,1,183
0.13539651837524178,8482.0,0,2424.1,2433.5,S2,dqn,1,184
0.14463452566096424,8749.049999942104,1,2458.509999988421,2529.0,S2,dqn,1,185
0.12698412698412698,8716.707852795413,4,2337.3342372449138,2348.5,S2,dqn,1,186
0.10389980074010817,9858.449999856928,3,2909.3799999809507,2991.5,S2,dqn,1,187
0.16474291710388247,7772.402071983037,8,1980.6216579359223,2015.7520725030981,S2,dqn,1,188
0.15257469802924348,8523.2,0,2284.2,2352.0,S2,dqn,1,189
0.15307820299500832,8197.571014200348,4,2326.90420281125,2384.5499999237622,S2,dqn,1,190
0.1383960255500355,7670.5,0,2195.8999999999996,2335.0,S2,dqn,1,191
0.13795316008982997,8519.449999908333,1,2696.839999926666,2913.549999908333,S2,dqn,1,192
0.14488286066584463,8850.049999934745,1,2472.0,2575.5,S2,dqn,1,193
0.16498316498316498,8005.826593569897,4,2240.5612748559183,2317.326593569898,S2,dqn,1,194
0.12028014616321558,9123.549999962255,1,2345.7,2380.0,S2,dqn,1,195
0.14094432699083861,7808.23579451426,6,2526.107158826335,2562.0999998724715,S2,dqn,1,196
0.14497321147179326,8649.449999784292,3,2291.6,2334.0,S2,dqn,1,197
0.1401107852720756,8377.9,0,2448.4,2512.5,S2,dqn,1,198
0.10175634234736548,10047.0,0,2717.5,2752.0,S2,dqn,1,199
0.13240857503152584,8714.0,0,2673.8,2701.0,S2,dqn,1,200
0.17292126563649743,7240.449999901282,1,2220.9,2326.0,S2,dqn,1,201
0.14290633608815426,7922.062495086795,3,2143.609999989155,2149.5,S2,dqn,1,202
0.1316270566727605,7604.361701920872,3,1981.419999886159,2013.099999857699,S2,dqn,1,203
0.13803680981595093,7170.095217012959,4,2150.7190434025915,2231.5,S2,dqn,1,204
0.12027491408934708,9716.406451505469,2,2487.0,2507.0,S2,dqn,1,205
0.15348682015348683,8118.5,0,2419.3,2441.0,S2,dqn,1,206
0.1264400112391121,9821.253448228252,1,2615.7,2629.5,S2,dqn,1,207
0.1329394387001477,9325.70624993432,1,2573.441249986864,2596.0,S2,dqn,1,208
0.11019536019536019,9172.999999830568,2,2624.9,2740.5,S2,dqn,1,209
0.16886930983847284,7295.749992300008,1,2577.8399938400057,2663.5499923000075,S2,dqn,1,210
0.15195137555982086,8475.549999911495,1,2613.5399999291953,2725.549999911494,S2,dqn,1,211
0.14050387596899225,8556.15237954442,4,2424.109999979189,2484.5,S2,dqn,1,212
0.13568521031207598,8059.5,0,2425.7999999999997,2543.5,S2,dqn,1,213
0.15569823434991975,8375.5,0,2152.5,2169.0,S2,dqn,1,214
0.11066969353007945,9851.17864819847,4,2599.8657296036,2682.049999939844,S2,dqn,1,215
0.14906027219701878,8483.579999421072,9,2513.035999835897,2595.1499998222002,S2,dqn,1,216
0.12827586206896552,9979.640551127633,1,2549.9,2623.0,S2,dqn,1,217
0.14617095646647602,8596.0,0,2065.0,2066.5,S2,dqn,1,218
0.14529058116232466,8181.599999895322,2,2383.5799999162577,2484.599999895322,S2,dqn,1,219
0.1610273134936812,6643.0,0,1837.7,1885.5,S2,dqn,1,220
0.14209868831980013,8756.611258346891,4,2407.0890066775123,2495.6112583468903,S2,dqn,1,221
0.09389671361502347,10811.049999934188,1,3191.0099999868376,3264.5,S2,dqn,1,222
0.13955582232893157,9126.7,0,2913.04,3073.0,S2,dqn,1,223
0.13906056860321384,8841.7,0,3071.7,3202.0,S2,dqn,1,224
0.13689013689013688,7854.049999964352,1,2907.039999971481,3160.5499999643516,S2,dqn,1,225
0.1435991445157348,8926.541379151107,3,2663.433103420921,2809.291379276151,S2,dqn,1,226
0.1481358189081225,8152.599999864255,2,2371.2,2491.5,S2,dqn,1,227
0.11520047875523638,9316.549999946896,1,2420.3099999893793,2436.0,S2,dqn,1,228
0.12599681020733652,8625.549999944204,1,2301.339999955362,2322.0499999442027,S2,dqn,1,229
0.1356717405691595,8272.0,0,2371.5,2456.0,S2,dqn,1,230
0.16167059616032334,8006.854776919914,2,2437.2,2601.0,S2,dqn,1,231
0.15637065637065636,6984.3,0,2118.6,2221.0,S2,dqn,1,232
0.14628073451602863,8769.014444204291,4,2260.5348887796067,2290.719999897914,S2,dqn,1,233
0.13800761421319796,8635.844915122265,2,2523.0559320978123,2586.9449151222652,S2,dqn,1,234
0.16702977487291212,7393.39999979242,2,2145.5,2248.5,S2,dqn,1,235
0.157035175879397,8592.0999996517,2,2556.61999993034,2731.0,S2,dqn,1,236
0.125948406676783,9125.5,0,2542.1,2639.5,S2,dqn,1,237
0.10582737768004398,10217.0,0,2695.0,2754.5,S2,dqn,1,238
0.11287061994609164,8391.224999086866,10,2323.259999792727,2390.199999740909,S2,dqn,1,239
0.09134615384615384,8841.362499765264,3,2607.4199999562943,2681.762499958736,S2,dqn,1,240
0.143646408839779,7378.0,0,2204.5,2382.0,S2,dqn,1,241
0.12033694344163658,9233.6,0,2508.5,2558.0,S2,dqn,1,242
0.14068331897789263,9503.0,0,2697.1,2716.5,S2,dqn,1,243
0.15253636041149343,7594.0,0,2115.92,2156.4,S2,dqn,1,244
0.11525974025974026,8567.0,0,2326.0,2330.5,S2,dqn,1,245
0.13008373205741627,9240.531521307646,6,2729.2863042512618,2825.0499999421054,S2,dqn,1,246
0.12,8334.543420878712,3,2378.6286841757424,2380.0,S2,dqn,1,247
0.13314037626628075,9448.5,0,2648.1,2708.0,S2,dqn,1,248
0.1444184231069477,6976.2,0,2429.6,2621.0,S2,dqn,1,249
0.12289981331673927,8950.02985576472,3,2202.9038846584426,2230.8298558424976,S2,dqn,1,250
0.12220881110440555,9243.649999785232,3,2638.249999969172,2767.5,S2,dqn,1,251
0.151985111662531,8776.503508661588,2,2515.4,2549.0,S2,dqn,1,252
0.17759121730707136,8240.107266897157,4,2502.685813517726,2675.6072668971574,S2,dqn,1,253
0.15119916579770595,7797.54999993125,1,1867.7,1897.0,S2,dqn,1,254
0.14945652173913043,7986.5,0,2120.8,2146.0,S2,dqn,1,255
0.1681614349775785,8364.5,0,2111.0,2118.0,S2,dqn,1,256
0.11471648639790233,8543.499999880605,2,2485.619999976121,2525.5,S2,dqn,1,257
0.16006600660066006,8128.849999946154,1,2087.2099999892307,2092.0,S2,dqn,1,258
0.18387553041018387,7544.336719540995,6,2157.3,2190.0,S2,dqn,1,259
0.10431654676258993,7838.942946666484,7,2185.968589384682,2215.0,S2,dqn,1,260
0.16666666666666666,8527.306249733936,4,2563.0312498996445,2595.0499999214285,S2,dqn,1,261
0.07974010632014177,9608.199999953615,1,2567.2,2590.5,S2,dqn,1,262
0.13856476079346558,9452.649999753901,3,2740.8399999543703,2761.549999942963,S2,dqn,1,263
0.12044161927065908,8263.2,0,2161.84,2210.0,S2,dqn,1,264
0.15364916773367476,8486.24999969737,2,2673.9,2781.5,S2,dqn,1,265
0.18562874251497005,6657.080487716701,1,2065.6,2177.0,S2,dqn,1,266
0.12491672218520986,8262.0,0,2398.0,2549.5,S2,dqn,1,267
0.11196524064171123,8461.349999632437,5,2248.1299999889206,2300.5,S2,dqn,1,268
0.11716461628588166,9542.01070946101,5,2788.36856761656,2934.9607095207,S2,dqn,1,269
0.1261785912368275,9945.899999900563,2,2753.119999920451,2884.3999999005637,S2,dqn,1,270
0.10601808543810415,9005.899999813497,2,2645.0,2803.5,S2,dqn,1,271
0.1333547557840617,8531.314285620865,2,2093.5114285337995,2097.7642856672496,S2,dqn,1,272
0.09381898454746136,10233.562499893358,2,2936.2999999999997,3011.5,S2,dqn,1,273
0.12595293337752733,8360.2,0,2394.74,2426.0,S2,dqn,1,274
0.12044471896232242,8971.79999982677,3,2312.5599999486662,2371.199999935833,S2,dqn,1,275
0.11253516723976242,8895.6,0,2643.62,2788.0,S2,dqn,1,276
0.15338504936530326,7674.549999936885,1,2162.1099999873773,2168.5,S2,dqn,1,277
0.10982306284319707,9156.449999943383,1,2477.0,2485.0,S2,dqn,1,278
0.10653613590555716,9710.816666437502,5,3080.6233332430115,3136.599999925852,S2,dqn,1,279
0.07072368421052631,8733.349999688273,5,2592.6599997808144,2709.199999726018,S2,dqn,1,280
0.08912108174554395,9210.666442685586,4,2497.4499999480954,2514.549999947619,S2,dqn,1,281
0.11835143414090782,9924.5,0,2513.8,2556.0,S2,dqn,1,282
0.07671326287078077,8376.391841089997,4,2254.98778000659,2300.5,S2,dqn,1,283
0.05422039859320047,9920.790007290218,8,3220.6599998403017,3415.1999998003776,S2,dqn,1,284
0.09554140127388536,10788.67859892335,15,2803.767377611316,2821.607053409293,S2,dqn,1,285
0.09563277016257571,8871.038904016068,2,2554.7999999999997,2618.5,S2,dqn,1,286
0.15030380556443876,8518.099999879294,2,2459.979999903436,2580.599999879295,S2,dqn,1,287
0.1657547473447055,8328.2,0,2295.7,2300.5,S2,dqn,1,288
0.12319711538461539,9216.049999945,1,2656.4399999559996,2747.049999945,S2,dqn,1,289
0.12357723577235773,8492.249999752268,2,2303.8,2324.0,S2,dqn,1,290
0.0973006905210295,8988.099999832608,2,2390.6399999330433,2455.0499999163044,S2,dqn,1,291
0.11890606420927467,9333.5,0,2468.8,2495.0,S2,dqn,1,292
0.11322132943754565,7622.5,0,2048.1,2074.0,S2,dqn,1,293
0.12840346534653466,8965.53264614307,7,2654.6991812578995,2707.1239765723744,S2,dqn,1,294
0.16286644951140064,7420.299999730315,3,1802.9799998343333,1829.0999997929166,S2,dqn,1,295
0.14700339238597815,7209.9,0,2272.2799999999997,2347.5,S2,dqn,1,296
0.1407766990291262,8469.54999994762,1,2565.809999989524,2595.0,S2,dqn,1,297
0.10124101894186806,8564.049999943796,1,2776.309999988759,2939.0,S2,dqn,1,298
0.10011778563015312,7119.5,0,1811.3999999999999,1860.5,S2,dqn,1,299
0.10832559579077684,9110.85677168256,8,2593.9087457049736,2684.5,S2,dqn,1,300
0.07318592338835254,9163.049999955492,1,2447.439999964393,2493.0499999554913,S2,dqn,1,301
0.13174807197943444,8520.0,0,2316.4,2399.0,S2,dqn,1,302
0.15821708063967335,7955.4803735399955,4,2193.7842988319962,2244.4803735399955,S2,dqn,1,303
0.1046164065094653,8425.0,0,2461.0,2485.0,S2,dqn,1,304
0.1657014157014157,8366.699999938888,1,2327.6399999877776,2398.5,S2,dqn,1,305
0.17887856897144822,7750.514808537456,4,2373.9918468299643,2541.6148085374557,S2,dqn,1,306
0.15640116091583361,8366.5,0,2149.1,2173.5,S2,dqn,1,307
0.13564668769716087,8679.5,0,2328.3,2339.5,S2,dqn,1,308
0.1195457262402869,9279.5,0,2356.6,2369.5,S2,dqn,1,309
0.12468121280816095,9815.88475164707,2,2855.367801382498,2934.3347517281222,S2,dqn,1,310
0.10416666666666667,9172.049999902532,1,2425.8099999805063,2464.0,S2,dqn,1,311
0.15482158655263933,9199.888561973408,3,2759.7808496027897,2870.338562013513,S2,dqn,1,312
0.09557038834951456,9296.349999850534,3,2782.2899999122897,2971.099999903638,S2,dqn,1,313
0.09393831974477136,7976.545980569282,3,2166.5091961138564,2236.0,S2,dqn,1,314
0.14896988906497624,8598.2999998192,3,2492.219999897746,2556.5999998898437,S2,dqn,1,315
0.12396694214876033,9007.755214511295,3,2671.6,2782.5,S2,dqn,1,316
0.1511081262592344,8130.917415376079,4,2316.139999945487,2340.5499999318586,S2,dqn,1,317
0.13275613275613277,9532.403167328495,2,2915.722533862797,3086.9031673284962,S2,dqn,1,318
0.08787607983318439,9506.5,0,2773.4,2887.5,S2,dqn,1,319
0.12239020878329733,7703.4,0,2190.08,2377.5,S2,dqn,1,320
0.1800462504129501,8059.5,0,2069.8,2077.0,S2,dqn,1,321
0.1517794836008374,7811.099597798466,4,1960.510447661703,1970.3880595771288,S2,dqn,1,322
0.11872909698996656,8288.149999718791,3,2491.889999843988,2584.5999998337165,S2,dqn,1,323
0.12660309108845774,8451.870136644677,5,2448.9740273289353,2504.0,S2,dqn,1,324
0.15120967741935484,8096.299999751972,3,2364.1999998826304,2449.249999853288,S2,dqn,1,325
0.18666666666666668,7966.979166422616,3,2124.5758332412074,2129.049999910465,S2,dqn,1,326
0.16550202280250093,7343.31494155687,4,2239.7999999999997,2374.0,S2,dqn,1,327
0.0921409214092141,10491.106152513426,9,3081.6575663322355,3237.99999990213,S2,dqn,1,328
0.15326301911667764,8238.4,0,2403.0,2494.5,S2,dqn,1,329
0.16053391053391053,7466.5,0,2359.4,2471.5,S2,dqn,1,330
0.1117487163998792,9320.317701822478,10,2525.2399999395525,2611.5,S2,dqn,1,331
0.16514126541981694,6809.9,0,2063.7,2163.5,S2,dqn,1,332
0.10386705017577501,8756.0,0,2083.1,2113.0,S2,dqn,1,333
0.13308573197152584,8919.0,0,2440.2999999999997,2511.0,S2,dqn,1,334
0.14894859813084113,9303.099999855483,2,2881.2999999999997,2987.0,S2,dqn,1,335
0.16342269555637165,7322.0499999125,1,2069.6,2097.5,S2,dqn,1,336
0.13260795647738866,8071.249999743785,2,2252.1999997950284,2281.7499997437853,S2,dqn,1,337
0.11772400261608895,8490.36666655249,2,2695.793333241993,2882.8666665524916,S2,dqn,1,338
0.10975170924793091,7725.356521692552,1,1981.1,1983.0,S2,dqn,1,339
0.12856694888679837,8791.0,0,2121.8,2128.0,S2,dqn,1,340
0.10030649205906939,10101.514033290903,3,2847.0112266327233,2945.014033290904,S2,dqn,1,341
0.12476606363069245,8843.0,0,2315.7,2324.0,S2,dqn,1,342
0.07248416608022519,8168.068851906513,6,2279.1,2313.5,S2,dqn,1,343
0.11160714285714286,10025.928638580926,7,3212.5234155840913,3364.0251587530447,S2,dqn,1,344
0.09607686148919135,7029.4,0,1914.02,1917.9,S2,dqn,1,345
0.11061946902654868,6942.6547564654675,3,2051.6,2143.0,S2,dqn,1,346
0.11578650098842135,9896.138513253623,7,2763.2477026323377,2824.049999952469,S2,dqn,1,347
0.12031625988312135,8094.919594273494,4,2211.135675418795,2276.4195942734937,S2,dqn,1,348
0.11036468330134357,8730.652078144665,5,2272.965390029587,2299.0,S2,dqn,1,349
0.09873745548721269,8693.850872983066,4,2317.487098433762,2337.1088730422025,S2,dqn,1,350
0.12076484401207649,8302.163379458889,4,2166.0187498123787,2167.6484372654736,S2,dqn,1,351
0.14120449132357946,8046.549999802564,1,2037.5,2064.0,S2,dqn,1,352
0.1256512411890898,8980.0,0,2303.3,2340.0,S2,dqn,1,353
0.13631406761177753,7600.649999648941,3,1943.9199999550342,1951.5,S2,dqn,1,354
0.135885447106955,9378.5,0,2741.6,2746.0,S2,dqn,1,355
0.1597444089456869,9260.549999919791,1,2485.2399999358336,2505.549999919792,S2,dqn,1,356
0.11096605744125326,8520.0,0,2130.6,2131.5,S2,dqn,1,357
0.12016888600194868,8642.347757870046,8,2193.1620515487434,2195.4874999578906,S2,dqn,1,358
0.1545048399106478,7297.049999703846,1,1995.8,2053.5,S2,dqn,1,359
0.15563614385010577,8971.235897136787,6,2714.7887177094294,2847.7358971367867,S2,dqn,1,360
0.14515027322404372,8042.599414984528,4,2426.979999900327,2574.3999998754093,S2,dqn,1,361
0.1569210439378923,8171.5,0,2391.0,2463.0,S2,dqn,1,362
0.13355048859934854,8478.399999877054,2,2015.8,2019.0,S2,dqn,1,363
0.1324051324051324,10089.974561250785,3,2859.714912235819,2864.5499999541667,S2,dqn,1,364
0.11278195488721804,8950.672222046134,3,2172.6099999826965,2173.0,S2,dqn,1,365
0.09507042253521127,8018.462566979272,6,2087.3760427936377,2099.672548947818,S2,dqn,1,366
0.1044987601842012,7993.693104157029,11,2198.0166258678664,2219.0,S2,dqn,1,367
0.12063953488372094,9556.684831422277,1,2733.436966284455,2785.5,S2,dqn,1,368
0.14466546112115733,7516.0,0,1958.5,1961.5,S2,dqn,1,369
0.07907133243606998,8458.549999925242,1,2234.7099999850484,2322.0,S2,dqn,1,370
0.14953592299759366,7913.477793593096,4,2003.9820101806015,2027.1440857699706,S2,dqn,1,371
0.11971393034825871,8967.725377278359,5,2577.555337450307,2663.5171033243923,S2,dqn,1,372
0.11408730158730158,8382.049999918947,1,2161.4,2191.0,S2,dqn,1,373
0.13326226012793177,7815.199999914445,1,2124.1,2196.0,S2,dqn,1,374
0.10701920050361977,8842.5,0,2235.4,2255.0,S2,dqn,1,375
0.05070086489710707,9696.049999946154,1,2696.1,2817.5,S2,dqn,1,376
0.09657594381035997,9674.94349388266,7,2861.4686988067756,2907.0,S2,dqn,1,377
0.15570384493168096,8492.049999909412,1,2381.6099999818825,2424.0,S2,dqn,1,378
0.08901578770574403,8450.849999844653,2,2422.9099999868376,2437.5,S2,dqn,1,379
0.1346153846153846,7870.9414107715465,3,2091.0882821543096,2111.5,S2,dqn,1,380
0.12697889182058048,8442.29872330403,10,2520.3397447153093,2707.0,S2,dqn,1,381
0.125,9527.974047522868,4,2714.9948095045734,2821.0,S2,dqn,1,382
0.12358049432197729,8274.59999982986,2,2209.2099999812194,2300.0,S2,dqn,1,383
0.13580246913580246,8877.049999929357,1,2409.639999943486,2505.549999929358,S2,dqn,1,384
0.04923076923076923,9428.936619669812,1,2805.3892957358503,2842.2366196698126,S2,dqn,1,385
0.13897373243738545,8971.649999857887,2,2272.9199998863105,2276.1499998578884,S2,dqn,1,386
0.13941220798794274,7328.708056382376,5,2374.0,2503.0,S2,dqn,1,387
0.12487275195113674,8118.7,0,2047.3,2055.5,S2,dqn,1,388
0.17466478475652789,7513.5,0,2125.4,2176.0,S2,dqn,1,389
0.06138975966562173,11022.099999895709,2,3557.7099999873767,3815.5,S2,dqn,1,390
0.13234841489689136,8973.54936865209,5,2269.8031939937578,2297.253992492197,S2,dqn,1,391
0.16798732171156894,8487.749999686333,5,2396.0399998203875,2404.149999805202,S2,dqn,1,392
0.15446855461566752,7343.6,0,2111.8,2131.0,S2,dqn,1,393
0.1900739176346357,7529.199999948667,1,2254.6399999897335,2269.0,S2,dqn,1,394
0.17117117117117117,8912.04999994539,1,2407.139999956312,2433.04999994539,S2,dqn,1,395
0.1409104986063797,8859.50441145445,5,2345.4949999534792,2397.549999959896,S2,dqn,1,396
0.10474090407938258,7637.849999963333,1,2298.8699999926666,2363.5,S2,dqn,1,397
0.08831521739130435,10382.549999939843,1,2834.539999951875,2906.049999939844,S2,dqn,1,398
0.17509084902543773,8063.9,0,2296.98,2402.5,S2,dqn,1,399
0.13331138907175774,8400.34851068018,8,2695.733144616033,2791.5,S2,dqn,1,400
0.10638297872340426,8544.4,0,2754.1,2834.5,S2,dqn,1,401
0.12785072563925362,7990.872022067961,4,2059.774404413592,2073.0,S2,dqn,1,402
0.07369800196528005,8763.258941102515,6,2586.450262688492,2641.4974574466482,S2,dqn,1,403
0.12143290831815422,9096.0,0,2346.1,2371.5,S2,dqn,1,404
0.13684817055603574,9485.2,0,2552.3,2597.0,S2,dqn,1,405
0.09265614275909403,8216.349999502743,4,2309.729999745866,2325.099999742195,S2,dqn,1,406
0.1383669285958319,8048.22972951604,2,2198.0,2248.0,S2,dqn,1,407
0.1337295690936107,9280.0,0,2717.2,2836.0,S2,dqn,1,408
0.1560529634300126,8554.79999983283,3,2429.999999926656,2490.74999990832,S2,dqn,1,409
0.12893553223388307,9151.0,0,2519.5,2567.5,S2,dqn,1,410
0.09625862695241555,7840.7,0,2139.3,2172.5,S2,dqn,1,411
0.15141647671768155,8355.549999956,1,2485.5099999912,2545.0,S2,dqn,1,412
0.10290556900726393,9288.366610483745,4,2759.353288449042,2876.1916105613022,S2,dqn,1,413
0.08550602747406784,10136.861284669993,6,2876.5209826505725,2893.5,S2,dqn,1,414
0.06383610451306414,9729.599999883732,2,2743.579999906986,2832.0999998837324,S2,dqn,1,415
0.10607265977194379,10549.0,0,3368.0,3451.5,S2,dqn,1,416
0.1663372859025033,8111.5,0,2490.6,2593.0,S2,dqn,1,417
0.10552371026576342,10819.304048896058,6,2822.603239155106,2874.754048943883,S2,dqn,1,418
0.07077435470441298,10457.094436771395,18,2875.8819930942286,2997.2520080167574,S2,dqn,1,419
0.1821524064171123,7989.6999996971135,4,2354.4599997576906,2362.199999697113,S2,dqn,1,420
0.1660958904109589,7860.6499997851815,3,2363.8899999038827,2491.599999911411,S2,dqn,1,421
0.13984915147705845,8704.549999929357,1,2698.0099999858717,2790.0,S2,dqn,1,422
0.0881201044386423,8660.741999940865,1,2565.593599952691,2577.741999940864,S2,dqn,1,423
0.154434250764526,8832.08048776079,1,2574.916097552158,2584.5,S2,dqn,1,424
0.10876730388925511,8495.449727506582,4,2387.4799455236353,2411.5,S2,dqn,1,425
0.1137370753323486,9505.755950093817,5,2635.217368393607,2764.0,S2,dqn,1,426
0.0994275384151853,9363.818583816277,4,2585.5499999742456,2628.0,S2,dqn,1,427
0.10353227771010962,9344.866207181372,5,2425.604491409204,2481.7187499548827,S2,dqn,1,428
0.15538109257441937,8335.122034004758,8,2438.3178186101136,2461.688402318721,S2,dqn,1,429
0.14803625377643503,8984.049999906098,1,2410.5,2421.5,S2,dqn,1,430
0.1431980906921241,9196.988888539992,5,2579.1733332902018,2648.4666666127523,S2,dqn,1,431
0.0736553614251456,8333.194444336714,2,2352.135555469371,2433.2944443367137,S2,dqn,1,432
0.13694163677861101,8490.771611239672,12,2348.4957142001845,2414.2642856672496,S2,dqn,1,433
0.12169151201703682,9187.092965416912,10,2672.574023809115,2709.096043014102,S2,dqn,1,434
0.06563833278634723,8784.299999424475,3,2687.6599998848947,2852.5,S2,dqn,1,435
0.12139851084493364,8543.649382583679,2,2400.3795061061787,2412.5993826327235,S2,dqn,1,436
0.08345752608047691,9581.049999948667,1,2543.6099999897333,2653.0,S2,dqn,1,437
0.14099783080260303,8932.715941480386,13,2590.7175997745744,2649.7789441964565,S2,dqn,1,438
0.1592635885447107,9228.226470551463,1,2682.8452941102923,2707.0,S2,dqn,1,439
0.13091341862540912,9258.049999935833,1,2698.839999948667,2821.0499999358335,S2,dqn,1,440
0.1589319771137953,8541.712820290486,4,2278.2102563005647,2334.6128204041124,S2,dqn,1,441
0.12224209898628503,9341.874514644001,4,2641.4996117152004,2693.8745146440006,S2,dqn,1,442
0.1310344827586207,9963.0,0,2655.2,2686.5,S2,dqn,1,443
0.19205298013245034,7993.398662166536,4,2020.2595832076865,2020.5,S2,dqn,1,444
0.0810898475510866,8750.504776959979,2,2467.5399999499186,2556.5499999373983,S2,dqn,1,445
0.09451219512195122,9241.036538252547,4,2487.4492306837087,2561.936538354636,S2,dqn,1,446
0.1485984464707869,8109.796470303752,6,2388.2592939547544,2450.99999982334,S2,dqn,1,447
0.12890750886239125,8534.1,0,2399.7999999999997,2518.0,S2,dqn,1,448
0.09591100420926037,9389.9,0,2461.66,2498.5,S2,dqn,1,449
0.08861622358554874,8300.636021427032,1,2138.9088171416256,2146.636021427032,S2,dqn,1,450
0.15564826700898587,8428.0,0,2198.2,2236.0,S2,dqn,1,451
0.1646505376344086,8004.0,0,2133.3,2152.0,S2,dqn,1,452
0.13288504642971502,8611.81666587826,5,2342.6433332935662,2357.0,S2,dqn,1,453
0.1691073919107392,7707.7,0,2511.0,2670.0,S2,dqn,1,454
0.18384879725085912,7722.4,0,2364.4,2399.5,S2,dqn,1,455
0.17921736270963498,8144.021585401826,4,2578.077268614794,2746.471585768493,S2,dqn,1,456
0.11359472334188347,7613.989533702059,5,2077.6399999275295,2129.049999909412,S2,dqn,1,457
0.1743119266055046,8716.349999945774,1,2626.609999989155,2744.0,S2,dqn,1,458
0.09016870273414776,9747.566784146911,9,2710.7316537696497,2721.830494900446,S2,dqn,1,459
0.09057414798894689,9195.5,0,2259.7,2291.0,S2,dqn,1,460
0.14696058784235136,8114.5,0,2127.6,2131.0,S2,dqn,1,461
0.09103840682788052,9942.374999761747,4,2673.7,2690.5,S2,dqn,1,462
0.07548408270429931,8704.366666425318,2,2268.6,2336.0,S2,dqn,1,463
0.1271186440677966,8476.15806421566,2,2192.731612843132,2243.5,S2,dqn,1,464
0.14941302027748132,7730.407692011518,3,2354.0515383806037,2373.1999999125,S2,dqn,1,465
0.08021390374331551,9539.3,0,2739.1,2841.0,S2,dqn,1,466
0.12419354838709677,8559.0,0,2219.8,2260.0,S2,dqn,1,467
0.16206675224646983,8411.599999836184,2,2376.879999868948,2403.099999836185,S2,dqn,1,468
0.12645348837209303,9594.837617798908,4,2718.4700942391264,2766.837617798908,S2,dqn,1,469
0.14385353095030515,9422.5,0,2788.4,2860.5,S2,dqn,1,470
0.22985989492119088,5824.1,0,1538.2,1562.5,S2,dqn,1,471
0.14543630892678033,8099.9,0,2658.6,2774.0,S2,dqn,1,472
0.06664647076643442,9521.849999677117,4,2429.0099998190935,2475.7499997918576,S2,dqn,1,473
0.14834794335805798,8103.540587905926,3,2517.774117638799,2665.5,S2,dqn,1,474
0.15442798613299716,8571.54999992451,1,2191.8,2201.0,S2,dqn,1,475
0.13760095722405025,9222.720796078098,5,2502.2308259338156,2545.0,S2,dqn,1,476
0.13144058885383805,7885.017470892958,6,1839.9505179753055,1847.3804347214746,S2,dqn,1,477
0.07457257184430702,7880.713169992749,4,2202.3099999866085,2216.5,S2,dqn,1,478
0.09982886480319453,9959.880281616837,12,2800.5402361969627,2875.576469991867,S2,dqn,1,479
0.1459321415541773,7530.0499997849665,2,2385.949999956993,2536.0,S2,dqn,1,480
0.18168863555397222,7495.634115748238,3,2122.7744827476336,2172.0,S2,dqn,1,481
0.1455767077267637,7286.04999931015,3,2306.2199999646964,2308.0,S2,dqn,1,482
0.04550970873786408,9701.499999177948,10,2887.709999843576,3000.049999952469,S2,dqn,1,483
0.12713228194399742,8601.469460885117,4,2464.9238921530855,2544.5499999601034,S2,dqn,1,484
0.15237420269312543,7679.5,0,1978.0,1985.0,S2,dqn,1,485
0.16429353778751368,7361.9,0,2297.7,2353.5,S2,dqn,1,486
0.11332417582417582,8111.2,0,2638.4,2650.0,S2,dqn,1,487
0.15053763440860216,7536.2,0,2361.4,2433.0,S2,dqn,1,488
0.12380068090374496,9033.621216087635,9,2931.963337835157,3009.3918803117867,S2,dqn,1,489
0.15740443302280757,8434.049999958603,1,2437.4399999668817,2490.0499999586023,S2,dqn,1,490
0.19091847265221878,7663.349999787679,3,2282.6499999418556,2424.049999953333,S2,dqn,1,491
0.13456304807983066,9027.5,0,2623.0,2767.0,S2,dqn,1,492
0.15745276417074877,7712.049999946154,1,1977.139999956923,2004.5499999461538,S2,dqn,1,493
0.16879219804951237,7147.049999929358,1,1813.6,1814.5,S2,dqn,1,494
0.12583668005354753,10271.184831422277,1,3245.7999999999997,3553.0,S2,dqn,1,495
0.08637236084452975,8873.74999960219,5,2724.0399999339465,2887.0,S2,dqn,1,496
0.10273972602739725,9207.90888494334,18,2741.5513986781325,2878.834308636372,S2,dqn,1,497
0.18197573656845753,7784.999999522014,7,2313.669999802988,2377.299999800779,S2,dqn,1,498
0.16304347826086957,9269.385609190458,9,2754.686775722217,2856.45846968331,S2,dqn,1,499
0.10673976136730087,8703.584692691542,6,2280.3099999883334,2348.5,S2,dqn,1,500
0.15487504399859203,7686.049999893055,1,1968.109999978611,1969.0,S2,dqn,1,501
0.11095937179924889,8195.307584726996,3,2327.4871999096986,2328.9839998871234,S2,dqn,1,502
0.11235955056179775,7715.2499989689695,7,2050.6599992699444,2068.1999990874306,S2,dqn,1,503
0.098806860551827,7523.3240739148705,2,1993.2592591318964,2036.8240739148707,S2,dqn,1,504
0.13293712855802314,8827.318987297665,1,2666.6,2722.5,S2,dqn,1,505
0.11150234741784038,9550.74999995674,1,3122.039999965393,3295.5499999567414,S2,dqn,1,506
0.18801191362620998,7098.176939420849,4,2261.7353878841695,2382.5,S2,dqn,1,507
0.032210834553440704,10012.9,0,2829.4,2912.0,S2,dqn,1,508
0.10631741140215717,9126.068390171808,3,2464.2049484251293,2502.2561855314116,S2,dqn,1,509
0.17967145790554415,7893.876680755664,15,1923.6220752365502,1940.9499997469845,S2,dqn,1,510
0.17997943092218033,7756.5,0,2527.1,2630.5,S2,dqn,1,511
0.058159425248032845,8486.0,0,2339.2,2399.0,S2,dqn,1,512
0.17792302106027597,7373.94999951875,1,1936.30999990375,2015.0,S2,dqn,1,513
0.1268956979263386,8917.086842019873,2,2973.869473615898,3168.086842019873,S2,dqn,1,514
0.1413582046050714,9380.989999860578,2,2695.0399999156166,2736.0499998945206,S2,dqn,1,515
0.1485623003194888,8480.5,0,2215.2,2230.0,S2,dqn,1,516
0.11574886004910558,7988.0,0,2183.7999999999997,2278.5,S2,dqn,1,517
0.06470397929472663,8899.7,0,2595.7999999999997,2752.0,S2,dqn,1,518
0.13065467828041585,9818.5,0,2530.4,2539.5,S2,dqn,1,519
0.12749827705031014,8057.074930666207,7,2542.564987726313,2684.5,S2,dqn,1,520
0.07470845481049562,7898.999999770375,4,2387.8499998989814,2458.2499999081774,S2,dqn,1,521
0.12550018188432158,7609.5,0,1938.1,1966.0,S2,dqn,1,522
0.1455026455026455,7236.895454322491,4,1901.3599999578082,1913.1999999472603,S2,dqn,1,523
0.10399471772862331,8481.0,0,2599.6,2689.5,S2,dqn,1,524
0.07951653944020357,8914.5,0,2656.1,2724.0,S2,dqn,1,525
0.12321660181582361,8500.188059650462,1,2380.65044772037,2446.6880596504625,S2,dqn,1,526
0.1534526854219949,7490.588334951295,4,2011.9058226547513,2036.6135927741536,S2,dqn,1,527
0.1350121359223301,9118.599999837574,2,2720.5,2771.0,S2,dqn,1,528
0.11829390203265579,8302.5,0,2471.7,2549.0,S2,dqn,1,529
0.12808041504539558,8523.749999891692,2,2226.0,2285.5,S2,dqn,1,530
0.15156618390030313,8048.0,0,2154.0,2209.5,S2,dqn,1,531
0.07954162453656892,8492.76096736456,6,2488.0,2574.0,S2,dqn,1,532
0.09186351706036745,8586.0,0,2397.0,2486.0,S2,dqn,1,533
0.13157894736842105,8519.196369630627,4,2380.1070957400393,2441.7463696898567,S2,dqn,1,534
0.17636986301369864,7847.699999323031,4,2344.81999994437,2425.5,S2,dqn,1,535
0.17280361757105944,8309.009614898758,4,2371.081923053872,2458.0,S2,dqn,1,536
0.1772679874869656,7711.6,0,2341.68,2416.0,S2,dqn,1,537
0.1224105461393597,7440.179305033196,12,2096.208444550056,2134.5876391508996,S2,dqn,1,538
0.126769838656569,8375.5,0,2504.7999999999997,2604.0,S2,dqn,1,539
0.15658914728682172,8819.449999490329,6,2519.019999817728,2580.7499998050266,S2,dqn,1,540
0.14509673115410274,8192.386619432442,4,2606.2073238577927,2638.549999952174,S2,dqn,1,541
0.15742128935532235,7166.049999888406,1,1940.8,2010.0,S2,dqn,1,542
0.09940975458216837,9095.725409375444,6,2594.319999931855,2611.049999953333,S2,dqn,1,543
0.057794902193242445,9739.84999996111,1,2584.779999968889,2628.8499999611113,S2,dqn,1,544
0.1823607427055703,7955.1,0,2547.7,2716.0,S2,dqn,1,545
0.13406940063091483,7043.134875566186,8,1913.162353104771,1950.0779413809637,S2,dqn,1,546
0.16515544041450778,8302.2,0,2212.64,2239.0,S2,dqn,1,547
0.13125763125763126,9011.049999961111,1,2552.439999968889,2616.549999961111,S2,dqn,1,548
0.11294672960215779,8308.5,0,2097.2,2108.5,S2,dqn,1,549
0.11876881900301103,8337.849999259408,4,2218.5699998811606,2221.199999864912,S2,dqn,1,550
0.16654978962131836,7619.249999891549,1,2209.74,2312.5,S2,dqn,1,551
0.14227642276422764,8725.9,0,2585.18,2692.0,S2,dqn,1,552
0.057803468208092484,9000.04999993937,1,2662.9,2783.5,S2,dqn,1,553
0.15031196823596144,9682.195815078678,9,2501.0715492523873,2505.0499999541667,S2,dqn,1,554
0.06880733944954129,10096.511537762359,8,2917.84999995371,2993.0499999549706,S2,dqn,1,555
0.16232607920085623,7542.4,0,2024.8,2041.5,S2,dqn,1,556
0.15658914728682172,8743.04999989155,1,2366.4,2381.5,S2,dqn,1,557
0.06471954862263525,8708.095210011852,9,2628.112355629144,2709.5221892525174,S2,dqn,1,558
0.13346445630795167,9754.0,0,2818.7,2910.5,S2,dqn,1,559
0.05115089514066496,9087.0,0,2320.6,2330.0,S2,dqn,1,560
0.16877637130801687,7020.5362065653,3,2027.9399998689362,2053.04999983617,S2,dqn,1,561
0.09029345372460497,8832.318031107612,3,2175.6399999910464,2176.0,S2,dqn,1,562
0.0836489898989899,9066.682370759596,7,2345.3898966838724,2385.8623708548407,S2,dqn,1,563
0.13530927835051546,8519.67228906309,2,2333.897831292664,2346.1222891158295,S2,dqn,1,564
0.1477650535648319,7370.620842887012,3,1922.8399999503226,1937.0499999379033,S2,dqn,1,565
0.13356164383561644,8056.4999998428575,1,2500.88,2657.0,S2,dqn,1,566
0.1893821794473766,8528.293717093316,2,3112.058743418663,3417.0,S2,dqn,1,567
0.12725515463917525,8557.5,0,2395.7999999999997,2461.5,S2,dqn,1,568
0.11338582677165354,8864.7538460335,2,2511.0,2583.0,S2,dqn,1,569
0.10663160969909437,9601.549999918947,1,2837.7999999999997,2909.5,S2,dqn,1,570
0.08218373936014088,9685.0,0,2721.0,2772.5,S2,dqn,1,571
0.115995115995116,9081.674999961222,1,2875.3399999689773,3102.6749999612216,S2,dqn,1,572
0.14925373134328357,8035.149999758242,3,2363.7399999080594,2448.0499998850746,S2,dqn,1,573
0.14920424403183025,8145.0,0,2129.9,2153.5,S2,dqn,1,574
0.08939974457215837,8873.366666548081,2,2207.7933332384646,2243.866666548081,S2,dqn,1,575
0.1198919284025667,8244.699999919792,1,2581.5,2753.0,S2,dqn,1,576
0.13376835236541598,8418.849999816086,2,2432.1,2548.5,S2,dqn,1,577
0.1778846153846154,8363.560047536756,7,2425.858225755714,2545.5,S2,dqn,1,578
0.10400907715582451,7436.749999934746,1,2011.0699999869491,2055.0,S2,dqn,1,579
0.18886679920477137,8100.6945775487675,5,2304.039999935158,2351.0499999189474,S2,dqn,1,580
0.11381353289678828,8962.0,0,2372.3,2392.0,S2,dqn,1,581
0.1538695917123705,8918.568115768781,3,2330.03999996,2387.04999995,S2,dqn,1,582
0.0938295165394402,8923.849991895693,7,2624.439999676548,2787.2999995956848,S2,dqn,1,583
0.12451487710219922,8580.299999723537,3,2940.0899998677073,3159.549999871667,S2,dqn,1,584
0.18451664661050943,6624.9,0,2005.1999999999998,2119.0,S2,dqn,1,585
0.17124448965751102,7944.999999762609,2,2167.4,2203.0,S2,dqn,1,586
0.18397085610200364,7329.149992081931,3,1847.1,1849.0,S2,dqn,1,587
0.13198163733741392,7230.814942175184,4,2156.162988435037,2259.0,S2,dqn,1,588
0.15,8456.5,0,2451.2999999999997,2536.5,S2,dqn,1,589
0.12695600826690287,9349.549999926667,1,2543.4,2550.0,S2,dqn,1,590
0.08889582033686837,9196.381125122423,4,2335.4350746017026,2374.0,S2,dqn,1,591
0.1730310262529833,8979.049999917204,1,2506.4,2548.0,S2,dqn,1,592
0.17875737591114196,7753.173299468781,5,2441.647993204585,2620.5888888513814,S2,dqn,1,593
0.15718776793369535,9463.64999993937,1,2622.2,2686.5,S2,dqn,1,594
0.14402618657937807,8325.0,0,2447.8,2473.0,S2,dqn,1,595
0.11498028909329829,8430.0,0,2385.4,2407.0,S2,dqn,1,596
0.09154550350026926,10493.654651083667,1,2579.6,2624.0,S2,dqn,1,597
0.17768301350390903,7517.018749940457,1,2202.3037499880916,2212.0,S2,dqn,1,598
0.17750549795790135,8507.374501429857,4,2412.516697945001,2522.5696627650495,S2,dqn,1,599
0.09854964670881368,7605.6499997330075,3,2219.6099999893795,2246.5,S2,dqn,1,600
0.1318127962085308,9371.059615201848,3,2627.617692197017,2701.5096152610786,S2,dqn,1,601
0.08302318923561408,9991.8615922956,5,2598.562318472994,2613.0,S2,dqn,1,602
0.14056224899598393,9550.968852360698,2,2749.023770436326,2795.04999994031,S2,dqn,1,603
0.10127765659083826,8963.1,0,2114.4,2139.0,S2,dqn,1,604
0.16839378238341968,8348.563966656337,7,2194.872793357819,2250.0,S2,dqn,1,605
0.18132056106739652,7763.5,0,2511.2,2629.5,S2,dqn,1,606
0.13939950980392157,8940.0,0,2345.7,2347.5,S2,dqn,1,607
0.15204678362573099,6939.399999845467,2,1954.8099999127521,2011.0499999060976,S2,dqn,1,608
0.0698655417875033,10881.2999996391,6,3290.799999801868,3436.2499997523355,S2,dqn,1,609
0.11072988147223956,9016.799999475297,6,2733.5199998037456,2784.09999984781,S2,dqn,1,610
0.09658919408391187,9338.0,0,2746.8999999999996,2942.0,S2,dqn,1,611
0.1362397820163488,9101.31959448861,2,2548.455675590888,2596.3195944886097,S2,dqn,1,612
0.12206874397687119,8569.0,0,2447.1,2554.0,S2,dqn,1,613
0.1485884101040119,7362.299999745795,3,1966.0199999752606,1995.0,S2,dqn,1,614
0.15104328869511055,8689.19840179293,1,2323.7999999999997,2409.5,S2,dqn,1,615
0.18396390142311697,7640.5,0,2217.2,2285.5,S2,dqn,1,616
0.09967320261437909,8616.332693118162,6,2514.7061545740335,2538.7326932506685,S2,dqn,1,617
0.11778367617783676,8465.987631745777,9,2229.0103620559403,2296.5380594646413,S2,dqn,1,618
0.14017297942141366,9126.049999954706,1,2569.439999963765,2616.049999954706,S2,dqn,1,619
0.05351929938371716,8961.549999929357,1,2776.9399999434863,2933.049999929358,S2,dqn,1,620
0.17591994835377664,8264.319064560243,3,2164.11525171236,2262.2690646404503,S2,dqn,1,621
0.12959317585301838,8367.5,0,2289.8,2299.0,S2,dqn,1,622
0.110612375761462,8738.236949216733,4,2800.8295593733856,2894.036949216732,S2,dqn,1,623
0.1400862068965517,8874.633333246953,2,2584.6,2701.5,S2,dqn,1,624
0.0849289684990735,9168.049999955747,1,2821.6399999645973,2951.049999955747,S2,dqn,1,625
0.1346444780635401,9079.799122655526,2,2725.979824531105,2744.0,S2,dqn,1,626
0.16819571865443425,8784.544117607093,1,2478.295294085675,2564.1441176070934,S2,dqn,1,627
0.17929015733626052,7376.249999791892,1,2142.8399998335135,2169.049999791892,S2,dqn,1,628
0.08538587848932677,8645.049999954706,1,2391.539999963765,2394.049999954706,S2,dqn,1,629
0.14248704663212436,8414.699999791892,1,2548.2,2630.0,S2,dqn,1,630
0.10571768910065515,9411.799999752271,3,2871.3,2923.5,S2,dqn,1,631
0.10876623376623376,8655.481817968515,3,2230.3054544966494,2234.3818181208117,S2,dqn,1,632
0.13077445652173914,8120.366851400555,5,2222.779481385425,2237.693518450523,S2,dqn,1,633
0.16204425054534122,8725.430955672047,8,2221.827499972566,2250.0,S2,dqn,1,634
0.1854864952814839,8203.256155473988,9,2667.451231104047,2855.399999905555,S2,dqn,1,635
0.10901883052527254,8462.463868361701,4,2712.9927736723403,2758.5,S2,dqn,1,636
0.10662729658792651,8565.806106741053,2,2268.8448853928417,2297.306106741052,S2,dqn,1,637
0.04038461538461539,7598.487499611771,4,2015.059999724119,2105.449999655149,S2,dqn,1,638
0.1608369768894441,8614.4,0,2294.2,2363.5,S2,dqn,1,639
0.1621808143547274,7819.0,0,2093.3,2110.5,S2,dqn,1,640
0.12908777969018934,9689.723332406706,9,2659.594666372106,2660.449999687377,S2,dqn,1,641
0.06069553805774278,8825.439319766463,7,2911.7378640538154,3051.0,S2,dqn,1,642
0.15478424015009382,8708.599999818724,2,2260.9,2311.5,S2,dqn,1,643
0.11972274732199117,8785.0,0,2460.2999999999997,2563.5,S2,dqn,1,644
0.1414768806073154,8010.242419451126,9,2264.772045544329,2381.1726026905985,S2,dqn,1,645
0.15203761755485892,8678.649415034677,3,2276.6498830069354,2317.5,S2,dqn,1,646
0.17761394101876676,7974.269354370213,4,2202.8,2210.0,S2,dqn,1,647
0.14265335235378032,7681.649999731394,5,2619.6599998503116,2704.6499998400545,S2,dqn,1,648
0.13595166163141995,8261.887704472336,4,2375.00754087204,2533.0499999626213,S2,dqn,1,649
0.17433987813134733,7957.436619363095,5,2390.329295699183,2521.7866196239793,S2,dqn,1,650
0.2015625,8326.7,0,2357.2,2398.0,S2,dqn,1,651
0.13637913399249915,8032.049999954438,1,2444.4399999635502,2550.549999954438,S2,dqn,1,652
0.14449968924798012,8830.049999288538,8,2356.2299997217915,2363.2499997059026,S2,dqn,1,653
0.1683673469387755,7872.549999820931,1,2189.7,2200.5,S2,dqn,1,654
0.11498140006763612,8221.438856066594,4,2529.5,2724.0,S2,dqn,1,655
0.19743863393810032,7471.8499993473215,7,2308.6099998394157,2404.0999998705747,S2,dqn,1,656
0.14465989535241613,8848.549999966079,1,2521.0399999728634,2601.049999966079,S2,dqn,1,657
0.1633546648703267,8005.8,0,2266.9,2327.0,S2,dqn,1,658
0.15001648532805803,8196.349999930631,1,2237.8499999861265,2240.3,S2,dqn,1,659
0.11310592459605028,7910.663035242583,7,2174.4799998912576,2181.5999998640723,S2,dqn,1,660
0.14206642066420663,7420.997457423026,3,2317.099491484605,2388.0,S2,dqn,1,661
0.11974110032362459,8609.617815685528,5,2270.284252590327,2325.934482422036,S2,dqn,1,662
0.11022768341163715,7863.278541832343,13,2327.9953465345334,2458.1531004569174,S2,dqn,1,663
0.13747758517632994,9168.4,0,2274.48,2317.5,S2,dqn,1,664
0.13128176171654432,9726.263043324296,2,2776.0826085948593,2781.0499998833334,S2,dqn,1,665
0.1665556295802798,8046.1778750721205,4,2163.0299998050045,2174.0,S2,dqn,1,666
0.1307987443320544,7876.4,0,2137.1,2152.0,S2,dqn,1,667
0.0809950824414232,9888.785309677683,7,2641.829208589296,2647.5,S2,dqn,1,668
0.15583109919571045,8102.59999986457,2,2104.4099999853333,2119.0,S2,dqn,1,669
0.16776202006226218,7791.5,0,2470.5,2690.0,S2,dqn,1,670
0.18653846153846154,7015.936761918646,8,2251.217836805559,2306.6472960069486,S2,dqn,1,671
0.13112391930835735,9549.549999916304,1,2365.8,2369.5,S2,dqn,1,672
0.13392857142857142,9830.5,0,2700.2,2707.5,S2,dqn,1,673
0.13379073756432247,7989.6,0,1912.7,1934.5,S2,dqn,1,674
0.16297043010752688,7984.149999928703,1,2330.4,2419.0,S2,dqn,1,675
0.1381692573402418,7984.049999888406,1,2394.4,2488.0,S2,dqn,1,676
0.13234841489689136,8972.323369477135,2,2507.964673895427,2527.0,S2,dqn,1,677
0.15249266862170088,9241.2,0,2572.3599999999997,2582.7,S2,dqn,1,678
0.14668133480014667,7426.249999921429,1,2206.0099999842855,2248.0,S2,dqn,1,679
0.04830917874396135,9614.049999925242,1,2684.739999940194,2742.049999925243,S2,dqn,1,680
0.14256319811875368,9259.4,0,2426.88,2474.5,S2,dqn,1,681
0.16589250165892502,8078.9,0,2292.1,2369.0,S2,dqn,1,682
0.1512632978723404,8111.5,0,2236.8,2245.0,S2,dqn,1,683
0.11356365962891875,8735.049999901283,1,2555.0,2646.0,S2,dqn,1,684
0.1283943329397875,9377.18144618382,6,2593.0562892748862,2595.9,S2,dqn,1,685
0.16058882569421212,8047.0,0,2229.4,2262.5,S2,dqn,1,686
0.18244406196213425,7748.099999820834,2,2126.019999964167,2191.0,S2,dqn,1,687
0.16134236850596967,8347.099999676893,4,2471.059999934194,2541.0499999486665,S2,dqn,1,688
0.1246051246051246,7856.6,0,2588.1,2633.0,S2,dqn,1,689
0.11341083073433512,9826.149999813673,3,2618.389999892561,2628.0999998830434,S2,dqn,1,690
0.11059670781893004,10840.04999989,1,3026.909999978,3103.0,S2,dqn,1,691
0.182864883169658,7818.649999934746,1,2020.6399999477965,2063.0499999347458,S2,dqn,1,692
0.16407307171853858,7947.549999916304,1,2540.109999983261,2639.5,S2,dqn,1,693
0.0734508547008547,10722.041880152374,4,2976.9735041856848,3014.4418802586833,S2,dqn,1,694
0.05800118976799524,9738.849999940769,1,2936.4099999881537,3018.0,S2,dqn,1,695
0.12341772151898735,8735.0,0,2290.5,2316.0,S2,dqn,1,696
0.1396957123098202,9967.087871090158,4,3130.422401754295,3173.3413792271062,S2,dqn,1,697
0.1659688995215311,8937.54999994122,1,2558.009999988244,2591.0,S2,dqn,1,698
0.20745428973277075,7430.0,0,1937.82,1972.0,S2,dqn,1,699
0.17368582846603137,8704.64999976029,3,2545.7,2641.0,S2,dqn,1,700
0.1833213515456506,7470.199999486891,4,2207.4,2293.0,S2,dqn,1,701
0.09232544720138489,9846.618320321255,5,2852.9836639874484,2993.0999998719963,S2,dqn,1,702
0.17215342796738145,8912.099999844086,2,2702.019999968817,2850.0,S2,dqn,1,703
0.16492763379333558,8017.703048530793,3,2524.562438824635,2565.7030485307937,S2,dqn,1,704
0.13275804845668768,8339.244354423814,6,2295.918817160443,2380.636021466204,S2,dqn,1,705
0.19086692829111665,7395.349999920619,1,2383.039999936495,2508.0499999206186,S2,dqn,1,706
0.1251778093883357,9743.5,0,2579.2,2663.5,S2,dqn,1,707
0.1478494623655914,8062.0,0,2281.0,2346.0,S2,dqn,1,708
0.1488095238095238,7753.1,0,1953.28,1966.6,S2,dqn,1,709
0.1573926868044515,8542.18165645382,7,2456.4,2463.5,S2,dqn,1,710
0.1291248206599713,7750.414285394137,4,2193.7914283679593,2218.864285459949,S2,dqn,1,711
0.1598173515981735,8268.849999928038,1,2165.8099999856076,2169.5,S2,dqn,1,712
0.15865227347072294,8252.1,0,2373.2,2411.0,S2,dqn,1,713
0.13745704467353953,9571.0,0,2680.6,2740.5,S2,dqn,1,714
0.16133806986382473,9116.997457372541,3,2691.1399999468963,2813.0499999336207,S2,dqn,1,715
0.1358695652173913,8122.049999759375,1,2237.909999951875,2301.0,S2,dqn,1,716
0.11188811188811189,8087.4415090452785,5,2333.8599999211037,2419.549999942963,S2,dqn,1,717
0.14468371467025573,8167.844496090033,8,2421.428538280583,2534.777339529769,S2,dqn,1,718
0.14866712235133286,7909.6,0,2309.7,2400.5,S2,dqn,1,719
0.12032932235592148,8858.471745149573,10,2771.309999852037,2892.5999998799143,S2,dqn,1,720
0.13842281879194632,9890.770702893416,7,2774.3124738773,2838.0999998827883,S2,dqn,1,721
0.18570427470217238,7525.3,0,2056.96,2096.0,S2,dqn,1,722
0.04461440407903123,9138.0999998605,2,2502.9799998884005,2505.5999998605007,S2,dqn,1,723
0.15749284123448934,8451.5,0,2279.5,2281.0,S2,dqn,1,724
0.06581421587062805,7610.999999897857,1,2252.0,2380.0,S2,dqn,1,725
0.08008335814230426,9645.872042428991,8,2982.839999906913,3123.0,S2,dqn,1,726
0.18393520080998987,7857.549999933043,1,2641.6,2861.5,S2,dqn,1,727
0.14192886456908343,7953.5,0,2342.6,2392.0,S2,dqn,1,728
0.1423810966373826,9061.586619365698,5,2498.229999958921,2549.5,S2,dqn,1,729
0.15993537964458804,8348.54999992451,1,2273.909999984902,2305.0,S2,dqn,1,730
0.14977307110438728,8983.699999752707,4,2513.679999918775,2578.099999898469,S2,dqn,1,731
0.12334943639291465,8661.696832716007,8,2305.6659280419544,2314.207410052443,S2,dqn,1,732
0.06388804380894432,9587.003859346318,10,2773.427930673794,2829.422413415399,S2,dqn,1,733
0.11577647422043841,8988.14999993125,1,2334.439999945,2350.04999993125,S2,dqn,1,734
0.16029354963306297,6974.099999838461,2,1898.9499999232692,1966.0499999259614,S2,dqn,1,735
0.17041901188242653,8646.420486797495,7,2472.546389470762,2558.1704868521047,S2,dqn,1,736
0.0892510671323244,7298.049999888406,1,2136.709999977681,2274.5,S2,dqn,1,737
0.16265248670628715,8616.924802648566,4,2541.069842438005,2591.8248030638197,S2,dqn,1,738
0.12,9698.0,0,2609.2,2637.0,S2,dqn,1,739
0.16897901102810386,7585.194443872037,4,2163.3655555127166,2208.1944444064197,S2,dqn,1,740
0.07219083490269931,9183.0,0,3276.2,3420.0,S2,dqn,1,741
0.11983223487118035,9282.327844204412,2,2783.139999986724,2922.5,S2,dqn,1,742
0.12088974854932302,8619.549999931858,1,2663.239999945487,2748.0499999318586,S2,dqn,1,743
0.09385351490614649,7705.664942258488,3,2324.1,2375.5,S2,dqn,1,744
0.11295446523120367,7927.965695674156,5,2397.0,2432.5,S2,dqn,1,745
0.08512544802867383,9473.749999758247,2,2463.4,2523.0,S2,dqn,1,746
0.1569210439378923,8153.4,0,2611.7999999999997,2701.0,S2,dqn,1,747
0.09357344632768362,8046.906812259346,4,2494.700419984937,2588.3984292217797,S2,dqn,1,748
0.18235294117647058,9114.353616862807,9,2726.682894000964,2863.716117544955,S2,dqn,1,749
0.15292981326464908,8537.441748352821,11,2214.8577246806635,2242.498958215681,S2,dqn,1,750
0.08774495466510676,9672.2,0,2625.1,2639.5,S2,dqn,1,751
0.07473309608540925,8020.949999901662,2,2681.799999921329,2957.2499999016613,S2,dqn,1,752
0.06026058631921824,8879.679737342643,5,2363.0561466457716,2384.0701833072144,S2,dqn,1,753
0.11585567692816948,8415.599999512333,2,2689.5099999794666,2848.0,S2,dqn,1,754
0.13961337833691317,8894.5499999384,1,2627.8,2662.0,S2,dqn,1,755
0.12924978926664793,9821.0,0,2671.7,2761.0,S2,dqn,1,756
0.17571261226083562,6809.633999853793,2,2084.5267999707585,2087.5,S2,dqn,1,757
0.11812297734627832,8561.5,0,2298.3,2319.0,S2,dqn,1,758
0.1019202363367799,9470.649999939844,1,2511.3099999879687,2550.5,S2,dqn,1,759
0.14475061039414022,7965.173634062776,12,2257.3647269306284,2319.0,S2,dqn,1,760
0.08789625360230548,9804.5,0,2889.3999999999996,3070.5,S2,dqn,1,761
0.13331290223720502,8925.5,0,2349.0,2359.0,S2,dqn,1,762
0.13804173354735153,8579.115217039986,4,2305.5199998209505,2345.0999997973418,S2,dqn,1,763
0.16095066185318893,8936.603278660847,1,2672.3826229286774,2750.603278660847,S2,dqn,1,764
0.1212633953750705,9817.0,0,3043.4,3064.5,S2,dqn,1,765
0.12611749680715198,8603.0,0,2356.8,2362.5,S2,dqn,1,766
0.15598507968802985,7980.299999886722,2,2105.1,2134.5,S2,dqn,1,767
0.1366480079025354,8387.811259669897,8,2252.14264650928,2293.8173242600838,S2,dqn,1,768
0.16262860935944243,8084.549999894521,1,2210.6399999156165,2213.0499998945206,S2,dqn,1,769
0.13335287221570927,9418.5,0,2685.4,2775.0,S2,dqn,1,770
0.13095238095238096,9197.3,0,2636.7,2674.5,S2,dqn,1,771
0.12828840532640468,8471.5,0,2290.9,2356.0,S2,dqn,1,772
0.14202476329206118,7536.59639863949,7,2023.9,2026.0,S2,dqn,1,773
0.1995258790991703,6674.599999716912,2,2096.4,2191.0,S2,dqn,1,774
0.16375545851528384,7458.386109530508,7,2093.1177112252776,2112.9008155319602,S2,dqn,1,775
0.17784552845528456,7871.649999897333,1,2909.2999999999997,3196.0,S2,dqn,1,776
0.14008840530431826,8035.8,0,2532.9,2602.0,S2,dqn,1,777
0.1360655737704918,8396.0,0,2384.0,2388.5,S2,dqn,1,778
0.1891506067094932,7383.849999942538,1,2268.23999995403,2316.0499999425374,S2,dqn,1,779
0.13007614213197968,8717.4,0,2479.4,2565.0,S2,dqn,1,780
0.07503001200480192,9561.0,0,3029.0,3122.5,S2,dqn,1,781
0.10240797121505674,10155.799999723455,4,2818.939999980161,2889.0,S2,dqn,1,782
0.15397350993377484,8128.5,0,2253.7999999999997,2324.5,S2,dqn,1,783
0.17362217266645427,8384.8,0,2412.2,2449.5,S2,dqn,1,784
0.1024713682941531,9363.636144486294,2,2691.8689156277774,2809.086144534722,S2,dqn,1,785
0.1658291457286432,8097.701922490985,9,2677.4376920800505,2850.159615114537,S2,dqn,1,786
0.10969220694171579,8496.949999906741,2,2877.63999996,3122.04999995,S2,dqn,1,787
0.07673090649536046,8018.049999933043,1,2248.1,2328.0,S2,dqn,1,788
0.11642156862745098,9182.214403707805,8,2679.028402439458,2721.160503049323,S2,dqn,1,789
0.13239664955417454,10150.049999967372,1,2712.3399999738986,2731.549999967373,S2,dqn,1,790
0.1683673469387755,7880.77891557435,1,2127.6,2203.5,S2,dqn,1,791
0.11689166941060257,8458.66831981926,6,2405.5736640620503,2489.5,S2,dqn,1,792
0.07130124777183601,8094.191880168458,2,2394.833504225355,2462.0418802816935,S2,dqn,1,793
0.0987460815047022,8994.408191931736,5,2520.026553545388,2582.4081919317355,S2,dqn,1,794
0.16737774860518542,8151.5,0,2329.5,2412.0,S2,dqn,1,795
0.11404561824729892,9270.0,0,2602.4,2682.0,S2,dqn,1,796
0.11139002196422969,8884.499999801215,2,2794.0,2960.5,S2,dqn,1,797
0.17092337917485265,6803.149999316184,5,2172.2,2219.5,S2,dqn,1,798
0.11711711711711711,7719.599999728487,2,2356.609999974754,2441.5,S2,dqn,1,799
0.15610927649354547,9183.401634346206,14,2356.9517063132357,2414.6896328915445,S2,dqn,1,800
0.1610760544669545,8107.5,0,2422.8,2469.0,S2,dqn,1,801
0.1835767864192657,6749.486619586117,2,2046.18929573585,2071.2366196698126,S2,dqn,1,802
0.08286318758815232,8120.199999351917,8,2463.1099998043283,2583.14999983744,S2,dqn,1,803
0.13517359134889015,9679.780008677175,5,2641.7760017117466,2645.04999994031,S2,dqn,1,804
0.12989262209906477,8033.649999785289,3,2424.339999961258,2504.5499999515723,S2,dqn,1,805
0.11552550014088475,9894.999382280574,7,2972.649999900681,3113.2499999095803,S2,dqn,1,806
0.1967005076142132,8281.249999959473,1,2036.7599999999998,2080.2,S2,dqn,1,807
0.18877911079745943,7484.049999891549,1,1860.9099999783098,1868.0,S2,dqn,1,808
0.06401838476690742,8804.507605888513,11,2594.0060849922156,2636.7076063017016,S2,dqn,1,809
0.12080141426045964,9412.149999798343,3,2686.7299999596685,2698.0,S2,dqn,1,810
0.1419141914191419,8345.111153361675,7,2331.94999979744,2360.6749997751085,S2,dqn,1,811
0.12987012987012986,8476.172289000275,2,2637.8099999850483,2800.5,S2,dqn,1,812
0.13916500994035785,9662.518749714665,4,2789.2,2837.5,S2,dqn,1,813
0.15827338129496402,7540.2999998601,2,2106.47999997202,2156.5,S2,dqn,1,814
0.11857098860486603,9015.749999916305,1,2588.1,2687.0,S2,dqn,1,815
0.1533457249070632,8844.444623159967,9,2557.858924692894,2671.5,S2,dqn,1,816
0.09689274974941531,8487.983549516732,8,2139.619999977314,2207.0,S2,dqn,1,817
0.11742304030466519,8944.17126784666,17,2381.423681754661,2474.529602193327,S2,dqn,1,818
0.11229484595450619,9657.5,0,2550.1,2564.0,S2,dqn,1,819
0.10498687664041995,8620.61896533081,3,2316.8951722646475,2358.6189653308093,S2,dqn,1,820
0.17609591607343575,7179.71779381456,8,2307.8266666235977,2492.783333279497,S2,dqn,1,821
0.17289073305670816,7733.7,0,2147.8,2197.0,S2,dqn,1,822
0.12383345297918162,7717.03181799139,3,2274.48,2359.5,S2,dqn,1,823
0.10243277848911651,8798.9,0,2549.0,2669.0,S2,dqn,1,824
0.06001371742112483,8436.4,0,2319.5,2329.0,S2,dqn,1,825
0.13112491373360938,7999.00576872837,5,2262.1885896545846,2297.0,S2,dqn,1,826
0.12870933142652843,7693.09999986234,2,1842.2799998898722,1850.0999998623402,S2,dqn,1,827
0.14542671259089168,7158.313157754839,2,1988.8,2033.5,S2,dqn,1,828
0.08034188034188035,8416.479125406122,5,2774.0958250812246,2802.0,S2,dqn,1,829
0.16462841015992474,8554.5,0,2177.3,2227.5,S2,dqn,1,830
0.09051412020275162,7825.249999562996,5,2289.6099999868375,2381.5,S2,dqn,1,831
0.10686333534015653,9358.617076474484,7,2912.5460297420536,3049.5,S2,dqn,1,832
0.14553810800459593,7148.249999849279,2,2048.449999969856,2108.5,S2,dqn,1,833
0.12954876273653565,9460.599999869119,2,2539.8,2573.5,S2,dqn,1,834
0.122737035900583,9092.519107661057,7,2303.673821312844,2339.799999621293,S2,dqn,1,835
0.1299638989169675,7649.319588231181,3,2043.1556705849448,2044.319588231181,S2,dqn,1,836
0.13997165131112685,7726.58245578752,5,2243.616491157504,2365.0,S2,dqn,1,837
0.11460827916524119,8114.549999928704,1,2118.539999942963,2120.0499999287035,S2,dqn,1,838
0.16928158546655656,6525.399999486666,1,1924.7,1933.0,S2,dqn,1,839
0.08670520231213873,8885.954468903501,8,2719.0581664772963,2804.295454454223,S2,dqn,1,840
0.09573132454488387,9082.384895567478,4,3043.4529166126185,3091.349479127607,S2,dqn,1,841
0.12455516014234876,8549.799999720946,3,2248.4,2257.0,S2,dqn,1,842
0.10419724097446434,9576.325372634112,8,2619.5099998566,2711.599999873133,S2,dqn,1,843
0.058973541600255024,9249.590307316152,22,2672.837430678634,2795.3499994711738,S2,dqn,1,844
0.058672009158557525,10079.353845960599,3,2860.27076919212,2873.5,S2,dqn,1,845
0.1561975142761169,8150.630795945518,11,2258.9898845655057,2337.4450977761094,S2,dqn,1,846
0.10869565217391304,8272.791860144782,3,2085.588372001619,2096.049999954438,S2,dqn,1,847
0.08469259723964868,9147.965713966605,11,3029.1719326963557,3284.510524378274,S2,dqn,1,848
0.12082670906200318,8753.0,0,2271.8,2297.5,S2,dqn,1,849
0.17833981841763943,8160.1,0,2245.62,2329.0,S2,dqn,1,850
0.11038635223281486,11131.549999963334,1,3089.2,3244.0,S2,dqn,1,851
0.14318630678077682,8305.549999909412,1,2541.2999999999997,2635.0,S2,dqn,1,852
0.14690451206715635,7776.149999675827,3,2124.7,2151.0,S2,dqn,1,853
0.13344051446945338,8547.0999999115,2,2330.6399999692,2470.5499999615,S2,dqn,1,854
0.08368794326241134,10086.349174014453,7,2520.219339393461,2601.399174241826,S2,dqn,1,855
0.12050296891372686,7969.253225534782,8,2500.8736207272304,2660.204959367123,S2,dqn,1,856
0.10366826156299841,8739.5,0,2306.3,2332.5,S2,dqn,1,857
0.13111888111888112,7931.6999993318195,4,2066.0,2119.0,S2,dqn,1,858
0.16416845110635261,7569.3,0,2297.0,2339.0,S2,dqn,1,859
0.13636363636363635,8410.5,0,2621.7,2639.0,S2,dqn,1,860
0.18178545716342692,7332.0,0,1839.1,1857.0,S2,dqn,1,861
0.13222849083215796,7765.5,0,2211.1,2260.0,S2,dqn,1,862
0.09279647687952186,8972.5,0,2572.1,2586.0,S2,dqn,1,863
0.14102106390574795,7670.7612063203005,6,2422.507241159847,2511.6499997746073,S2,dqn,1,864
0.1420678768745067,6930.849999937398,1,1927.04,1975.0,S2,dqn,1,865
0.11752506049083995,8071.699999909265,2,2148.4399999661537,2244.0499999576923,S2,dqn,1,866
0.14192886456908343,8057.34153058745,9,2570.113224595674,2701.3915307445927,S2,dqn,1,867
0.20768966700995536,7600.468749886232,2,2501.293749977246,2716.0,S2,dqn,1,868
0.09522414298271316,9636.549999928704,1,2935.909999985741,3072.0,S2,dqn,1,869
0.11856474258970359,8867.0,0,2751.4,2838.0,S2,dqn,1,870
0.1456953642384106,8237.340908910292,2,2391.0,2426.0,S2,dqn,1,871
0.1400607492406345,8169.251416124072,6,2182.3,2200.0,S2,dqn,1,872
0.10887772194304858,9990.199999942106,1,2818.2,2890.0,S2,dqn,1,873
0.1485148514851485,8830.649999754745,3,2094.0199998037965,2109.6499997547457,S2,dqn,1,874
0.14770057066129574,8149.20183226276,3,2289.525014309632,2304.507746428467,S2,dqn,1,875
0.182454847032805,7224.649999888406,1,2276.62,2442.0,S2,dqn,1,876
0.1094765651727677,8195.723333165459,3,2492.924666633092,2520.5,S2,dqn,1,877
0.1453579243513598,8797.640871397398,8,2631.243223794782,2767.5540297434773,S2,dqn,1,878
0.1371486623772435,8090.5999998219895,2,2484.239999960258,2499.0499999503227,S2,dqn,1,879
0.14782608695652175,7568.341696227499,4,2094.4714152614256,2175.8392690767823,S2,dqn,1,880
0.13438368860055608,8914.599999887254,2,2762.0399999679166,2885.049999959896,S2,dqn,1,881
0.12837612537512505,8249.699999731114,4,2315.5299998209844,2369.6499997912697,S2,dqn,1,882
0.14251781472684086,8131.949999812007,2,2459.1,2501.5,S2,dqn,1,883
0.1471054718477399,6874.3,0,2157.5,2168.0,S2,dqn,1,884
0.1267646211466436,9643.415093091488,6,2582.0920745380326,2629.8650931725406,S2,dqn,1,885
0.09721322099805574,8678.5,0,2463.6,2520.0,S2,dqn,1,886
0.09363900548918308,8758.909367750244,5,2442.7274942001945,2570.9093677502433,S2,dqn,1,887
0.13618677042801555,8424.73951606944,1,2293.547903213888,2348.0,S2,dqn,1,888
0.12585400934915497,7717.905220490548,7,2431.9105586747164,2542.0,S2,dqn,1,889
0.0695517774343122,9303.102325497066,1,2575.2,2640.0,S2,dqn,1,890
0.14750251424740193,8189.069564610023,8,2309.9156518596155,2403.9695648508896,S2,dqn,1,891
0.13741721854304637,8259.603900483527,3,2221.8,2243.5,S2,dqn,1,892
0.08613138686131387,9695.9,0,3013.6,3181.0,S2,dqn,1,893
0.18454639530872716,7716.0999998624175,2,1943.6,1988.5,S2,dqn,1,894
0.12214983713355049,8456.747916618764,1,2668.9983332950114,2722.7479166187645,S2,dqn,1,895
0.13753327417923691,9299.9,0,3056.2999999999997,3176.5,S2,dqn,1,896
0.15600127347978351,8482.5,0,2125.5,2182.5,S2,dqn,1,897
0.10566480774875257,9514.0,0,2795.6,2801.0,S2,dqn,1,898
0.19978783592644977,7414.549999928704,1,2082.2399999429626,2136.0499999287035,S2,dqn,1,899
0.14326140785284755,7743.697656017824,2,2148.3581248142586,2261.6976560178236,S2,dqn,1,900
0.1326341764342998,8888.5,0,2589.9,2683.0,S2,dqn,1,901
0.1930570315267446,7429.6,0,2598.7999999999997,2864.0,S2,dqn,1,902
0.14130745075649442,9609.649999795793,3,2494.8,2505.5,S2,dqn,1,903
0.1762820512820513,8351.299999736351,3,2258.7799999199583,2335.5499999259614,S2,dqn,1,904
0.12162954279015241,9458.549999948322,1,2689.239999958658,2822.5499999483222,S2,dqn,1,905
0.22839506172839505,6311.499999644469,2,1778.9199999288937,1781.0,S2,dqn,1,906
0.16862869869551383,8440.0,0,2195.5,2204.5,S2,dqn,1,907
0.09197324414715718,8475.835658668602,4,2184.528526984559,2193.7856587306987,S2,dqn,1,908
0.14586943963027152,9423.6,0,2420.38,2423.1,S2,dqn,1,909
0.1410488245931284,7536.649999946528,1,1856.1199999572223,1867.6499999465277,S2,dqn,1,910
0.18553578190079514,7099.22635994605,9,2161.2799997282486,2329.349999660311,S2,dqn,1,911
0.14198782961460446,8083.949999926666,1,2441.68,2546.0,S2,dqn,1,912
0.15751867489444624,8334.9,0,2442.4,2451.5,S2,dqn,1,913
0.07053542802180186,8946.847058612473,3,2417.4,2477.0,S2,dqn,1,914
0.1314475873544093,8257.136021427032,1,2503.9,2504.0,S2,dqn,1,915
0.11173974540311174,9872.099999866039,2,2663.4799998928306,2726.5999998660386,S2,dqn,1,916
0.12791991101223582,7483.749999857408,1,2235.1,2300.5,S2,dqn,1,917
0.12244213351224421,8207.0,0,2334.9,2457.5,S2,dqn,1,918
0.15865063460253842,8065.29999974971,2,2255.979999946435,2387.0499999330436,S2,dqn,1,919
0.0815684029765312,10015.743707542551,9,2710.9474999743416,2714.684374967927,S2,dqn,1,920
0.170333569907736,7605.495806545011,6,2163.4999998183953,2223.099999819383,S2,dqn,1,921
0.10620364126770061,8339.7,0,2384.94,2508.0,S2,dqn,1,922
0.15043675186023941,8408.13055550951,1,2185.904444407608,2191.63055550951,S2,dqn,1,923
0.05626081938834391,10128.799999446841,8,2744.5599997624527,2813.849999741807,S2,dqn,1,924
0.09739066519661889,7699.5,0,2434.7,2571.0,S2,dqn,1,925
0.09202453987730061,9295.183257501725,4,2669.5466060013796,2695.1832575017247,S2,dqn,1,926
0.07567264573991031,10236.368737621244,5,2553.461992430336,2584.595652065032,S2,dqn,1,927
0.177734375,6805.056409840644,3,2249.085128084929,2476.606410106161,S2,dqn,1,928
0.11439902379499695,9125.458333191655,2,2528.351666655442,2557.0,S2,dqn,1,929
0.11610762992996683,7564.899991918355,5,2016.8199937726472,2030.099992242545,S2,dqn,1,930
0.11909124221326493,7675.2143573304,10,2089.7714860558535,2104.564357621104,S2,dqn,1,931
0.07348618459729571,9740.749998395295,2,2703.3999999999996,2855.0,S2,dqn,1,932
0.13096519555077143,7773.48236621758,9,1889.7333332935798,1900.0,S2,dqn,1,933
0.1577631990003124,8619.0,0,2326.6,2416.5,S2,dqn,1,934
0.10355029585798817,8545.5,0,2553.7,2669.0,S2,dqn,1,935
0.12075817792723938,9052.59999982148,2,2195.4,2216.5,S2,dqn,1,936
0.15918738629472406,8914.5,0,2491.7,2501.5,S2,dqn,1,937
0.15354747617366749,7672.199999833796,2,2322.439999956312,2389.04999994539,S2,dqn,1,938
0.13408902405308268,9950.324999878296,2,2985.334999989659,3125.0,S2,dqn,1,939
0.14848573948838578,9251.799999862744,2,2481.3799998901945,2502.099999862743,S2,dqn,1,940
0.13211701793016672,8900.433151183648,13,2512.952414960881,2664.1905187011016,S2,dqn,1,941
0.15480370252154485,8497.0,0,2255.8,2284.0,S2,dqn,1,942
0.14776632302405499,7991.7999998187615,2,2283.12,2345.4,S2,dqn,1,943
0.13927150290786655,9056.02207976424,13,2411.9075897707057,2430.4653845149637,S2,dqn,1,944
0.13844515441959532,7714.049999953333,1,2213.4,2281.0,S2,dqn,1,945
0.14177428411005052,9786.444633227571,9,2739.6820511509222,2771.1374999008535,S2,dqn,1,946
0.14524328249818447,7478.1,0,2096.4,2126.0,S2,dqn,1,947
0.1289134438305709,8958.049999960103,1,2598.6399999680825,2667.5499999601034,S2,dqn,1,948
0.14749262536873156,8414.667755819391,6,2335.9700988979125,2355.3376236223908,S2,dqn,1,949
0.11571056062581486,8544.74999982871,2,2080.3499999657415,2084.5,S2,dqn,1,950
0.06687402799377916,9226.333509521819,4,2521.1597788049635,2536.655128167666,S2,dqn,1,951
0.1748476098812961,8333.5,0,2790.3999999999996,2956.0,S2,dqn,1,952
0.1265282911572363,9709.226470526248,1,2638.6,2708.5,S2,dqn,1,953
0.06873315363881402,10660.549999950323,1,2982.9,3073.5,S2,dqn,1,954
0.16815374056280027,7779.5,0,2437.1,2477.5,S2,dqn,1,955
0.19068511643604455,7899.9509878751805,11,2336.973472025434,2447.716840031793,S2,dqn,1,956
0.12770485987938984,7802.7,0,1924.7,1951.0,S2,dqn,1,957
0.11638491547464239,8755.788288850486,15,2705.1144613042343,2815.879999963543,S2,dqn,1,958
0.12367491166077739,7811.599382632724,1,2339.4,2385.0,S2,dqn,1,959
0.08819133034379671,9568.349991898505,7,2653.779999918029,2726.5999998975362,S2,dqn,1,960
0.15564826700898587,8407.3107475643,2,2440.948598051439,2548.810747564299,S2,dqn,1,961
0.08699778551091426,8972.59999965377,2,2736.909999974754,2848.5,S2,dqn,1,962
0.09154929577464789,8034.5245610097,4,1938.439999928372,1959.549999910465,S2,dqn,1,963
0.10051052967453733,8847.516038586622,6,2333.006775885507,2362.258469856884,S2,dqn,1,964
0.10745685444480625,8593.0,0,2615.4,2732.0,S2,dqn,1,965
0.14299332697807435,8591.149999750336,3,2211.6299999500675,2225.0,S2,dqn,1,966
0.1211376404494382,7928.5,0,2310.7999999999997,2415.0,S2,dqn,1,967
0.1024454725710509,8545.099999784043,2,2465.1,2575.5,S2,dqn,1,968
0.13770826249574974,8049.5,0,2140.9,2236.0,S2,dqn,1,969
0.14396284829721362,8843.383851118664,6,2796.187080952681,3004.683851214914,S2,dqn,1,970
0.08821058527023243,10185.544445619722,9,2992.1392409314017,3075.9339196181068,S2,dqn,1,971
0.12083605486610059,8555.46110402987,7,2426.088519952073,2511.173150581758,S2,dqn,1,972
0.12167787383925713,8643.049999949006,1,2941.0,3094.0,S2,dqn,1,973
0.14266972777959988,8301.349999751614,1,2773.5099999503227,2892.0,S2,dqn,1,974
0.14631502890173412,7547.0,0,2034.7,2052.0,S2,dqn,1,975
0.1579754601226994,8800.54999993937,1,2493.339999951496,2531.54999993937,S2,dqn,1,976
0.1355766089513231,8427.794444269972,3,2433.848888866617,2524.0,S2,dqn,1,977
0.08528784648187633,9368.824999890763,2,2830.839999951111,2854.049999938889,S2,dqn,1,978
0.11847672778561354,9826.885470053267,1,3037.1083760426136,3180.3854700532675,S2,dqn,1,979
0.13505217925107427,8967.12644045111,6,2620.8612912540602,2624.7,S2,dqn,1,980
0.12274368231046931,7658.549999842857,1,2289.7,2365.0,S2,dqn,1,981
0.10975270908585719,10155.113756313003,8,2747.160301755507,2786.699999966376,S2,dqn,1,982
0.16149068322981366,6546.549999577444,3,1727.0299999154888,1729.0,S2,dqn,1,983
0.111011101110111,9270.0,0,2634.7999999999997,2698.0,S2,dqn,1,984
0.1300887664524028,9023.046710274106,4,2572.6399999413334,2611.5499999266667,S2,dqn,1,985
0.09376803231390653,9811.551820000326,6,2627.327863985581,2657.912499893553,S2,dqn,1,986
0.08208736440926415,9723.102709807992,4,2916.4421678463937,3008.302709807992,S2,dqn,1,987
0.14592019058963668,9128.0,0,2396.5,2480.5,S2,dqn,1,988
0.17793594306049823,8210.38951606944,1,2605.777903213888,2797.5,S2,dqn,1,989
0.07774390243902439,9410.833097338687,4,2272.435049475965,2306.1688118449565,S2,dqn,1,990
0.055989141499830336,8519.099999881273,2,2220.4399999572224,2231.049999946528,S2,dqn,1,991
0.17043478260869566,7734.978946661573,6,2290.8299998973334,2362.5,S2,dqn,1,992
0.16095890410958905,7933.249382451579,4,2031.4,2056.0,S2,dqn,1,993
0.11159227181878748,8360.0,0,2360.6,2449.0,S2,dqn,1,994
0.11615439599714081,7794.5,0,2532.0,2583.0,S2,dqn,1,995
0.12549739822467096,9003.76380356255,2,3109.7610428936246,3376.3138036351916,S2,dqn,1,996
0.16167059616032334,7969.1,0,2482.98,2551.1,S2,dqn,1,997
0.19010705057216684,7214.916666625657,1,1949.6399999999999,2034.5,S2,dqn,1,998
0.1059850374064838,9011.724691119269,4,2579.274938196354,2662.5499999541667,S2,dqn,1,999
